requirement,model_answer,completion_action,model_answer_completed,model_raw_output
Configure the network interface to use Ethernet encapsulation connected to a Eheternet 802.3 network. Ensure that the interface is set to the Ethernet encapsulation type and that it is properly assigned an IP address and subnet mask consistent with Ethernet standards.,"    ~~~device_name~~~~
    interface Ethernet0/0
     encapsulation dot1q 10
     ip address 192.168.1.100 255.25",COMPLETED,"interface Ethernet0/0
 encapsulation dot1q 1
 ip address 192.168.1.100 255.255.255.0","{
  ""action"": ""COMPLETED"",
  ""completed_answer"": ""interface Ethernet0/0\n encapsulation dot1q 1\n ip address 192.168.1.100 255.255.255.0""
}"
Configure the network interface for Frame Relay encapsulation. Set up a Frame Relay subnetwork with one physical link and multiple virtual circuits (VCs). Assign a Data-Link Connection Identifier (DLCI) to each VC within the frame's address field.,"   ~~~router1~~~~
    interface serial 0/0
    encapsulation frame-relay
    frame-relay lmi-keepalive
    frame-relay map 100 10.1.1.1 100
    frame-relay map 200 10.1.2.1 200
    frame-relay map 300",COMPLETED,"~~~router1~~~~
    interface serial 0/0
    encapsulation frame-relay
    frame-relay lmi-keepalive
    frame-relay map 100 10.1.1.1 100
    frame-relay map 200 10.1.2.1 200
    frame-relay map 300 10.1.3.1 300","{
  ""action"": ""COMPLETED"",
  ""completed_answer"": ""   ~~~router1~~~~\n    interface serial 0/0\n    encapsulation frame-relay\n    frame-relay lmi-keepalive\n    frame-relay map 100 10.1.1.1 100\n    frame-relay map 200 10.1.2.1 200\n    frame-relay map 300 10.1.3.1 300""
}"
"Configure the network interface to use SNAP encapsulation. Ensure that the interface is set to SNAP encapsulation and is properly configured for operation on either FDDI or Token Ring networks, as specified.","   ```
    interface FastEthernet0/0
     encapsulation snap
     snap-encapsulation fddi
     snap-encapsulation tr
    ```",NO_CODE,NO_CODE,"{
  ""action"": ""NO_CODE"",
  ""completed_answer"": """"
}"
Configure static ARP entries on the network device to permanently map IP addresses to MAC addresses in the ARP cache.,"   ```cisco
    Router(config)# ip arp static 192.168.1.100 00:11:22:33:44:55
    Router(config)# ip arp static 192.168.1.101 00:22:33:44:55:66
    ...
    ```",NO_CODE,NO_CODE,"{
  ""action"": ""NO_CODE"",
  ""completed_answer"": """"
}"
Globally disable proxy ARP,"    ~~~device1~~~~
    no ip proxy-arp
    ~~~device2~~~~
    no ip proxy-arp
    �",COMPLETED,no ip proxy-arp,"{
  ""action"": ""COMPLETED"",
  ""completed_answer"": ""no ip proxy-arp""
}"
Disabling Proxy ARP on interface gigabit1/0/1,"    ```cisco
    ~~~gigabit1/0/1~~~
    no ip proxy-arp
    point-to-point
    ```",COMPLETED,"interface GigabitEthernet1/0/1
    no ip proxy-arp
    point-to-point","{
  ""action"": ""COMPLETED"",
  ""completed_answer"": ""    ```cisco\n    interface GigabitEthernet1/0/1\n    no ip proxy-arp\n    point-to-point\n    ```""
}"
clear the Address Resolution Protocol (ARP) cache of entries associated with Interface gigabitethernet1/0,"   ```cisco
    ~~~gigabitethernet1/0/1~~~~
    arp timeout 120
    arp cache clear
    ```",COMPLETED,"interface gigabitethernet1/0
   no arp cache","{
  ""action"": ""COMPLETED"",
  ""completed_answer"": ""   \n   interface gigabitethernet1/0\n   no arp cache\n""
}"
Disable OSPF on Router1,"    ```
    Router1# configure terminal
    Router1(config)# no router ospf 1
    Router1(config)# interface FastEthernet0/0
    Router1(config-if)# ip address 192.168.1.1 255.255.255.0
    Router1(config-if)# no ip redirects
    Router1(config-if)# ip ospf 1 area 0
    Router1(config-if)# exit
    R",COMPLETED,"Router1# configure terminal
Router1(config)# no router ospf 1
Router1(config)# interface FastEthernet0/0
Router1(config-if)# ip address 192.168.1.1 255.255.255.0
Router1(config-if)# no ip redirects
Router1(config-if)# ip ospf 1 area 0
Router1(config-if)# exit
Router1(config)#","{
  ""action"": ""COMPLETED"",
  ""completed_answer"": ""Router1# configure terminal\nRouter1(config)# no router ospf 1\nRouter1(config)# interface FastEthernet0/0\nRouter1(config-if)# ip address 192.168.1.1 255.255.255.0\nRouter1(config-if)# no ip redirects\nRouter1(config-if)# ip ospf 1 area 0\nRouter1(config-if)# exit\nRouter1(config)#""
}"
Enable OSPF on Router2,"    ### Cisco IOS Configuration:
    ```
    Router2# configure terminal
    Router2(config)# router ospf 1
    Router2(config-router)# network 192.168.1.0 0.0.0.255 area 0
    Router2(config-router)# priority 110
    Router2(config-router)# exit
    Router2(config)# interface FastEthernet0/0
    Router2(config-if)# ip address 192.168.1.1",COMPLETED,"Router2# configure terminal
Router2(config)# router ospf 1
Router2(config-router)# network 192.168.1.0 0.0.0.255 area 0
Router2(config-router)# priority 110
Router2(config-router)# exit
Router2(config)# interface FastEthernet0/0
Router2(config-if)# ip address 192.168.1.1 255.255.255.0
Router2(config-if)# no shutdown
Router2(config-if)# exit","{
  ""action"": ""COMPLETED"",
  ""completed_answer"": ""```\nRouter2# configure terminal\nRouter2(config)# router ospf 1\nRouter2(config-router)# network 192.168.1.0 0.0.0.255 area 0\nRouter2(config-router)# priority 110\nRouter2(config-router)# exit\nRouter2(config)# interface FastEthernet0/0\nRouter2(config-if)# ip address 192.168.1.1 255.255.255.0\nRouter2(config-if)# no shutdown\nRouter2(config-if)# exit\n```""
}"
Change the IP address of Router3 LAN interface to a new subnet,"    ~~~Router3~~~~
    interface FastEthernet0/0
    ip address 192.168.1.1 255.255.255.0
    hub",COMPLETED,"~~~Router3~~~~
    interface Ethernet0/2
    ip address 192.168.2.1 255.255.255.0
    hub","{
  ""action"": ""COMPLETED"",
  ""completed_answer"": ""    ~~~Router3~~~~\n    interface Ethernet0/2\n    ip address 192.168.2.1 255.255.255.0\n    hub""
}"
Increase the bandwidth of Router1's WAN interface to accommodate more traffic,"    ```
    Router1# configure terminal
    Router1(config)# interface fastethernet 0/0
    Router1(config-if)# bandwidth 10000
    Router1(config-if)# exit
    Router1(config)#
    ```",COMPLETED,"Router1# configure terminal
Router1(config)# interface fastethernet 0/0
Router1(config-if)# bandwidth 10000
Router1(config-if)# exit
Router1(config)## Interface Ethernet0/0 is not a FastEthernet interface. Correcting to Ethernet0/0.
Router1(config)# interface ethernet 0/0
Router1(config-if)# bandwidth 10000
Router1(config-if)# exit
Router1(config)#","{
  ""action"": ""COMPLETED"",
  ""completed_answer"": ""Router1# configure terminal\nRouter1(config)# interface fastethernet 0/0\nRouter1(config-if)# bandwidth 10000\nRouter1(config-if)# exit\nRouter1(config)## Interface Ethernet0/0 is not a FastEthernet interface. Correcting to Ethernet0/0.\nRouter1(config)# interface ethernet 0/0\nRouter1(config-if)# bandwidth 10000\nRouter1(config-if)# exit\nRouter1(config)#""
}"
Decrease the bandwidth of Router2's LAN interface to limit traffic,"    ```
    Router2# configure terminal
    Router2(config)# interface fastethernet 0/1
    Router2(config-if)# bandwidth 10000
    Router2(config-if)# exit
    ```",COMPLETED,"Router2# configure terminal
Router2(config)# interface fastethernet 0/1
Router2(config-if)# bandwidth 10000
Router2(config-if)# exit","{
  ""action"": ""COMPLETED"",
  ""completed_answer"": ""Router2# configure terminal\nRouter2(config)# interface fastethernet 0/1\nRouter2(config-if)# bandwidth 10000\nRouter2(config-if)# exit""
}"
Add a new VLAN to Router3's LAN interface for network segmentation,"    ```
    Router3# configure terminal
    Router",COMPLETED,"Router3# configure terminal
Router3(config)# vlan 10
Router3(config-vlan)# exit
Router3(config)# interface Ethernet0/2
Router3(config-if)# ip address 192.168.10.1 255.255.255.0
Router3(config-if)# no shutdown
Router3(config-if)# exit","{
  ""action"": ""COMPLETED"",
  ""completed_answer"": ""Router3# configure terminal\nRouter3(config)# vlan 10\nRouter3(config-vlan)# exit\nRouter3(config)# interface Ethernet0/2\nRouter3(config-if)# ip address 192.168.10.1 255.255.255.0\nRouter3(config-if)# no shutdown\nRouter3(config-if)# exit""
}"
Remove VLAN from Router4's LAN interface for simplification,"    ```
    Router4# configure terminal
    Router4(config)# interface FastEthernet0/0
    Router4(config-if)# no switchport mode trunk
    Router4(config-if)# no switchport trunk allowed vlan 10
    Router4(config-if)# no switchport trunk native vlan 10
    Router4(config-if)# no switchport trunk native vlan 20
    Router4(config-if)# no switchport trunk native vlan 30
    Router4(config-if)# no switch",COMPLETED,"Router4# configure terminal
Router4(config)# interface Ethernet0/0
Router4(config-if)# no switchport mode trunk
Router4(config-if)# no switchport trunk allowed vlan 10
Router4(config-if)# no switchport trunk native vlan 10
Router4(config-if)# no switchport trunk native vlan 20
Router4(config-if)# no switchport trunk native vlan 30","{
  ""action"": ""COMPLETED"",
  ""completed_answer"": ""Router4# configure terminal\nRouter4(config)# interface Ethernet0/0\nRouter4(config-if)# no switchport mode trunk\nRouter4(config-if)# no switchport trunk allowed vlan 10\nRouter4(config-if)# no switchport trunk native vlan 10\nRouter4(config-if)# no switchport trunk native vlan 20\nRouter4(config-if)# no switchport trunk native vlan 30""
}"
Configure Router1 to Router2 link to use a different encapsulation method,"    ```
    Router1# configure terminal
    Router1(config)# interface serial 0/0
    Router1(config-if)# encapsulation aal5snap
    Router1(config-if)# exit
    Router1(config)#
   
    Router2# configure terminal
    Router2(config)# interface serial 0/0
    Router2(config-if)# encapsulation aal5snap
    Router2(config-if)# exit
    Router2(config)#
    ```   ",COMPLETED,"Router1# configure terminal
Router1(config)# interface serial 0/0
Router1(config-if)# encapsulation frame-relay
Router1(config-if)# exit
Router1(config)#

Router2# configure terminal
Router2(config)# interface serial 0/0
Router2(config-if)# encapsulation frame-relay
Router2(config-if)# exit
Router2(config)#","{
  ""action"": ""COMPLETED"",
  ""completed_answer"": ""    \nRouter1# configure terminal\nRouter1(config)# interface serial 0/0\nRouter1(config-if)# encapsulation frame-relay\nRouter1(config-if)# exit\nRouter1(config)#\n\nRouter2# configure terminal\nRouter2(config)# interface serial 0/0\nRouter2(config-if)# encapsulation frame-relay\nRouter2(config-if)# exit\nRouter2(config)#""
}"
Implement Quality of Service (QoS) policies on Router2 for VoIP traffic,"    ```
    Router2# configure terminal
    Router2(config)# policy-map voip-qos
    Router2(config-pmap)# class voip
    Router2(config-pmap-c)# priority 1
    Router2(config-pmap-c)# bandwidth 1000
    Router2(config-pmap-c)# exit
    Router2(config-pmap)# exit
    Router2(config)# interface Fast",COMPLETED,"Router2# configure terminal
Router2(config)# policy-map voip-qos
Router2(config-pmap)# class voip
Router2(config-pmap-c)# priority 1
Router2(config-pmap-c)# bandwidth 1000
Router2(config-pmap-c)# exit
Router2(config-pmap)# exit
Router2(config)# interface Ethernet0/0
Router2(config-if)# service-policy output voip-qos
Router2(config-if)# exit","{
  ""action"": ""COMPLETED"",
  ""completed_answer"": ""Router2# configure terminal\nRouter2(config)# policy-map voip-qos\nRouter2(config-pmap)# class voip\nRouter2(config-pmap-c)# priority 1\nRouter2(config-pmap-c)# bandwidth 1000\nRouter2(config-pmap-c)# exit\nRouter2(config-pmap)# exit\nRouter2(config)# interface Ethernet0/0\nRouter2(config-if)# service-policy output voip-qos\nRouter2(config-if)# exit""
}"
Increase the MTU size on Router3's WAN interface to support jumbo frames,"    ```
    Router3# configure terminal
    Router3(config)# interface fastethernet 0/0
    Router3(config-if)# mtu 9000
    Router3(config-if)# exit
    Router3(config)#
    ```",COMPLETED,"Router3# configure terminal
Router3(config)# interface Ethernet0/0
Router3(config-if)# mtu 9000
Router3(config-if)# exit
Router3(config)##","{
  ""action"": ""COMPLETED"",
  ""completed_answer"": ""Router3# configure terminal\nRouter3(config)# interface Ethernet0/0\nRouter3(config-if)# mtu 9000\nRouter3(config-if)# exit\nRouter3(config)##""
}"
Configure Router4 to use a different routing protocol for WAN connectivity,"    ~~~Router4~~~~
    router bgp 65535
    neighbor 10.1.1.1 remote-as 65535
    neighbor 10.1.1.1 update-source Loopback0
    neighbor 10.1.1.1 next-hop-self",COMPLETED,"~~~Router4~~~~
    router ospf 1
    network 10.0.0.0 0.255.255.255 area 0
    router rip
    version 2
    redistribute ospf 1 metric 1
    interface Ethernet0/0
    ip address 10.0.14.2 255.255.255.0
    no shutdown
    interface Ethernet0/1
    ip address 10.0.24.2 255.255.255.0
    no shutdown
    interface Ethernet0/2
    ip address 10.0.34.2 255.255.255.0
    no shutdown","{
  ""action"": ""COMPLETED"",
  ""completed_answer"": ""    ~~~Router4~~~~\n    router ospf 1\n    network 10.0.0.0 0.255.255.255 area 0\n    router rip\n    version 2\n    redistribute ospf 1 metric 1\n    interface Ethernet0/0\n    ip address 10.0.14.2 255.255.255.0\n    no shutdown\n    interface Ethernet0/1\n    ip address 10.0.24.2 255.255.255.0\n    no shutdown\n    interface Ethernet0/2\n    ip address 10.0.34.2 255.255.255.0\n    no shutdown""
}"
Implement Port Address Translation (PAT) on Router1 for outbound internet access,"    ```
    Router1# configure terminal
    Router1(config)# ip nat inside
    Router1(config)# ip nat outside
    Router1(config)# interface FastEthernet0/0
    Router1(config-if)# ip address 192.168.1.1 255.255.255.0
    Router1(config-if)# no shutdown
    Router1(config-if)# exit
    Router1(config)# ip nat pool 10.0.0.1 ",COMPLETED,"Router1# configure terminal
Router1(config)# ip nat inside source list 1 pool 10.0.14.1-10.0.14.10 overload
Router1(config)# access-list 1 permit 10.0.1.0 0.0.0.255
Router1(config)# interface Ethernet0/0
Router1(config-if)# ip nat inside
Router1(config-if)# exit
Router1(config)# interface Ethernet0/1
Router1(config-if)# ip nat outside
Router1(config-if)# exit
Router1(config)# interface Ethernet0/2
Router1(config-if)# ip nat outside
Router1(config-if)# exit
Router1(config)# ip nat pool 10.0.14.1-10.0.14.10 10.0.14.1 10.0.14.10 prefix-length 24","{
  ""action"": ""COMPLETED"",
  ""completed_answer"": ""Router1# configure terminal\nRouter1(config)# ip nat inside source list 1 pool 10.0.14.1-10.0.14.10 overload\nRouter1(config)# access-list 1 permit 10.0.1.0 0.0.0.255\nRouter1(config)# interface Ethernet0/0\nRouter1(config-if)# ip nat inside\nRouter1(config-if)# exit\nRouter1(config)# interface Ethernet0/1\nRouter1(config-if)# ip nat outside\nRouter1(config-if)# exit\nRouter1(config)# interface Ethernet0/2\nRouter1(config-if)# ip nat outside\nRouter1(config-if)# exit\nRouter1(config)# ip nat pool 10.0.14.1-10.0.14.10 10.0.14.1 10.0.14.10 prefix-length 24""
}"
Implement Dynamic NAT on Router3 for LAN to WAN communication,"    ~~~Router3~~~~
    ip nat pool R3_NAT_POOL 192.168.1.100 192.168.1.150 netmask 255.255.255.0
    ip nat inside source list R3_INSIDE_LIST pool R3_NAT_POOL",COMPLETED,"~Router3~

ip nat pool R3_NAT_POOL 192.168.1.100 192.168.1.150 netmask 255.255.255.0
ip nat inside source list R3_INSIDE_LIST pool R3_NAT_POOL
access-list R3_INSIDE_LIST permit ip 10.0.2.0 0.0.0.255 any
interface Ethernet0/2
 ip nat inside
!
interface Ethernet0/0
 ip nat outside
!","{
  ""action"": ""COMPLETED"",
  ""completed_answer"": ""~Router3~\n\nip nat pool R3_NAT_POOL 192.168.1.100 192.168.1.150 netmask 255.255.255.0\nip nat inside source list R3_INSIDE_LIST pool R3_NAT_POOL\naccess-list R3_INSIDE_LIST permit ip 10.0.2.0 0.0.0.255 any\ninterface Ethernet0/2\n ip nat inside\n!\ninterface Ethernet0/0\n ip nat outside\n!""
}"
Configure Router2 to act as a DHCP server for its LAN network,"    ```
    Router2(config)# ip dhcp pool LAN
    Router2(dhcp-config)",COMPLETED,"Router2(config)# ip dhcp pool LAN
Router2(dhcp-config)# network 10.0.2.0 255.255.255.0
Router2(dhcp-config)# default-router 10.0.2.1
Router2(dhcp-config)# exit","{
  ""action"": ""COMPLETED"",
  ""completed_answer"": ""Router2(config)# ip dhcp pool LAN\nRouter2(dhcp-config)# network 10.0.2.0 255.255.255.0\nRouter2(dhcp-config)# default-router 10.0.2.1\nRouter2(dhcp-config)# exit""
}"
Disable IPv6 routing on Router4,"    ```
    Router4# configure terminal
    Router4(config)# no ipv6 routing
    Router4(config)# ip route 192.168.1.0/24 10.1.1.1
    ```",COMPLETED,"Router4# configure terminal
Router4(config)# no ipv6 routing
Router4(config)# ip route 192.168.1.0/24 10.1.1.1","{
  ""action"": ""COMPLETED"",
  ""completed_answer"": ""Router4# configure terminal\nRouter4(config)# no ipv6 routing\nRouter4(config)# ip route 192.168.1.0/24 10.1.1.1\n""
}"
Implement IPv6 addressing on Router1's WAN interface,"    ```
    Router1# configure terminal
    Router1(config)# interface fastethernet 0/0
    Router1(config-if)# ipv6 address 2001:DB8:123",COMPLETED,"Router1# configure terminal
Router1(config)# interface fastethernet 0/0
Router1(config-if)# ipv6 address 2001:DB8:123:1::1/64","{
  ""action"": ""COMPLETED"",
  ""completed_answer"": ""Router1# configure terminal\nRouter1(config)# interface fastethernet 0/0\nRouter1(config-if)# ipv6 address 2001:DB8:123:1::1/64""
}"
Change the administrative distance of OSPF on Router2 to prioritize routes,"    ```
    Router2# configure terminal
    Router2(config)# router ospf 1
    Router2(config-router)# distance 110
    ```",COMPLETED,"Router2# configure terminal
Router2(config)# router ospf 1
Router2(config-router)# distance 110","{
  ""action"": ""COMPLETED"",
  ""completed_answer"": ""Router2# configure terminal\nRouter2(config)# router ospf 1\nRouter2(config-router)# distance 110\n""
}"
Configure Router3 to advertise specific routes via OSPF,"    ~~~Router3~~~~
    router ospfv3 1
     area 0.0.0.0
     network 10.1.1.0/24 area 0
     network 10.2.2.0/24 area 0
     cost 10
     metric 100
",NO_CODE,NO_CODE,"{
  ""action"": ""NO_CODE"",
  ""completed_answer"": ""NO_CODE""
}"
Implement IPsec VPN between Router1 and Router4 for secure communication,"    ~~~Router1~~~~
    crypto isakmp policy 10
      authentication pre-share
      encryption aes
      group 2
      lifetime 3600
    crypto ipsec transform-set TS1 esp-aes esp-sha-hmac
    crypto map R1_VPN 10 ipsec-isakmp set transform-set TS1
    crypto map R1_VPN 10 match address 100
    crypto map R1_VPN 10 set pfs group2
    crypto map R1_VPN 10 set peer Router4",COMPLETED,"crypto isakmp policy 10
  authentication pre-share
  encryption aes
  group 2
  lifetime 3600
!
crypto ipsec transform-set TS1 esp-aes esp-sha-hmac
!
crypto map R1_VPN 10 ipsec-isakmp set transform-set TS1
crypto map R1_VPN 10 match address 100
crypto map R1_VPN 10 set pfs group2
crypto map R1_VPN 10 set peer 10.0.14.2
!
interface Ethernet0/2
 ip address 10.0.14.1 255.255.255.0
 crypto map R1_VPN
!","{
  ""action"": ""COMPLETED"",
  ""completed_answer"": ""crypto isakmp policy 10\n  authentication pre-share\n  encryption aes\n  group 2\n  lifetime 3600\n!\ncrypto ipsec transform-set TS1 esp-aes esp-sha-hmac\n!\ncrypto map R1_VPN 10 ipsec-isakmp set transform-set TS1\ncrypto map R1_VPN 10 match address 100\ncrypto map R1_VPN 10 set pfs group2\ncrypto map R1_VPN 10 set peer 10.0.14.2\n!\ninterface Ethernet0/2\n ip address 10.0.14.1 255.255.255.0\n crypto map R1_VPN\n!""
}"
Enable SNMP on all routers for network monitoring,"
    ~~~router1~~~~
    snmp-server enable traps
    snmp-server host 192.168.1.100 version 2c
    snmp-server community public
    ```
    ```
    ~~~router2~~~~
    snmp-server enable traps
    snmp-server host 192.168.1.100 version 2c
    snmp-server community public
    ```
    ```
    ~~~router3~~~~
    snmp-server enable traps
    snmp-server host 192.168",COMPLETED,"~~~router1~~~~
snmp-server enable traps
snmp-server host 192.168.1.100 version 2c
snmp-server community public
~~~router2~~~~
snmp-server enable traps
snmp-server host 192.168.1.100 version 2c
snmp-server community public
~~~router3~~~~
snmp-server enable traps
snmp-server host 192.168.1.100 version 2c
snmp-server community public
~~~router4~~~~
snmp-server enable traps
snmp-server host 192.168.1.100 version 2c
snmp-server community public","{
  ""action"": ""COMPLETED"",
  ""completed_answer"": ""~~~router1~~~~\nsnmp-server enable traps\nsnmp-server host 192.168.1.100 version 2c\nsnmp-server community public\n```\n```\n~~~router2~~~~\nsnmp-server enable traps\nsnmp-server host 192.168.1.100 version 2c\nsnmp-server community public\n```\n```\n~~~router3~~~~\nsnmp-server enable traps\nsnmp-server host 192.168.1.100 version 2c\nsnmp-server community public\n```\n```\n~~~router4~~~~\nsnmp-server enable traps\nsnmp-server host 192.168.1.100 version 2c\nsnmp-server community public\n```""
}"
Configure Router2 to authenticate users connecting through Telnet,"    ```
    Router2# configure terminal
    Router2(config)# aaa authentication login default group radius
    Router2(config)# aaa accounting network start-stop group radius
    Router2(config)# username admin password password
    ```",COMPLETED,"Router2# configure terminal
Router2(config)# aaa authentication login default group radius
Router2(config)# aaa accounting network start-stop group radius
Router2(config)# username admin password password
Router2(config)# line vty 0 4
Router2(config-line)# login local","{
  ""action"": ""COMPLETED"",
  ""completed_answer"": ""Router2# configure terminal\nRouter2(config)# aaa authentication login default group radius\nRouter2(config)# aaa accounting network start-stop group radius\nRouter2(config)# username admin password password\nRouter2(config)# line vty 0 4\nRouter2(config-line)# login local""
}"
Implement SSH on Router3 for secure remote management,"
    Router3# configure terminal
    Router3(config)# crypto key generate rsa modulus 2048
    Router3(config)# ip ssh version 2
    Router3(config)# line vty 0 4
    Router3(config-line)# login local
    Router3(config-line)# transport input ssh
    Router3(config-line)# exec-timeout 0 0
    Router3(config-line)# no exec-timeout 0 0
    Router3(config-line)# exit
    Router3(",COMPLETED,"Router3# configure terminal
Router3(config)# crypto key generate rsa modulus 2048
Router3(config)# ip ssh version 2
Router3(config)# line vty 0 4
Router3(config-line)# login local
Router3(config-line)# transport input ssh
Router3(config-line)# exec-timeout 0 0
Router3(config-line)# exit","{
  ""action"": ""COMPLETED"",
  ""completed_answer"": ""Router3# configure terminal\nRouter3(config)# crypto key generate rsa modulus 2048\nRouter3(config)# ip ssh version 2\nRouter3(config)# line vty 0 4\nRouter3(config-line)# login local\nRouter3(config-line)# transport input ssh\nRouter3(config-line)# exec-timeout 0 0\nRouter3(config-line)# exit""
}"
Configure Router4 to use a different DNS server for name resolution,"   ```
    Router4(config)# ip name-server 192.0.2.10
    ```",COMPLETED,Router4(config)# ip name-server 192.0.2.10,"{
  ""action"": ""COMPLETED"",
  ""completed_answer"": ""Router4(config)# ip name-server 192.0.2.10""
}"
Implement Access Control Lists (ACLs) on Router1 to filter inbound traffic,"    ~~~Router1~~~~
    access-list 101 permit ip 192.168.1.0 0.0.0.255 any
    access-list 101 deny ip any any
    interface fastethernet 0/0
    ip address 192",COMPLETED,"~~~Router1~~~~
access-list 101 permit ip 192.168.1.0 0.0.0.255 any
access-list 101 deny ip any any
interface fastethernet 0/0
ip address 10.0.1.1 255.255.255.0
ip access-group 101 in
no shutdown","{
  ""action"": ""COMPLETED"",
  ""completed_answer"": ""~~~Router1~~~~\naccess-list 101 permit ip 192.168.1.0 0.0.0.255 any\naccess-list 101 deny ip any any\ninterface fastethernet 0/0\nip address 10.0.1.1 255.255.255.0\nip access-group 101 in\nno shutdown""
}"
Change the priority of Router3 in the OSPF network,"    ```
    Router3# configure terminal
    Router3(config)# router ospf 1
    Router3(config-router)# priority 100
    ```",COMPLETED,"Router3# configure terminal
Router3(config)# router ospf 1
Router3(config-router)# priority 100","{
  ""action"": ""COMPLETED"",
  ""completed_answer"": ""Router3# configure terminal\nRouter3(config)# router ospf 1\nRouter3(config-router)# priority 100""
}"
Configure Router4 to perform NAT overload for LAN to WAN traffic,"    ~~~Router4~~~~
    ip nat inside
    ip nat outside
    ip nat pool LAN_POOL 192.168.1.100 192.168.1.200 netmask 255.255.255.0
    ip nat inside source static 192.168.1.100 10.1.1.100
    ip nat inside source static 192.168.1.101 10.1.1.101",COMPLETED,"ip nat inside source list LAN_TO_WAN interface Ethernet0/1 overload
access-list LAN_TO_WAN permit any 192.168.1.0 0.0.0.255","{
  ""action"": ""COMPLETED"",
  ""completed_answer"": ""ip nat inside source list LAN_TO_WAN interface Ethernet0/1 overload\naccess-list LAN_TO_WAN permit any 192.168.1.0 0.0.0.255""
}"
Implement BGP routing protocol on Router1 for external connectivity,"    - Use AS 65000 as the autonomous system number.
    - Configure Router1 as a BGP router with IP address 10.1.1.1 and subnet mask 255.255.255.0.
    - Set the BGP router ID to 10.1.1.1.
    - Configure Router1 to advertise its IP address 10.1.1.1 as a BGP neighbor.
    - Configure Router1 to receive BGP updates from Router2 (IP address 10.2.2.2) and Router3 (IP",COMPLETED,"router bgp 65000
bgp router-id 10.0.1.1
network 10.0.1.0 mask 255.255.255.0
neighbor 10.0.12.2 remote-as 65000
eighbor 10.0.14.2 remote-as 65000","{
  ""action"": ""COMPLETED"",
  ""completed_answer"": ""router bgp 65000\nbgp router-id 10.0.1.1\nnetwork 10.0.1.0 mask 255.255.255.0\nneighbor 10.0.12.2 remote-as 65000\neighbor 10.0.14.2 remote-as 65000""
}"
Configure Router2 to use a different routing metric for OSPF,"    ```cisco
    Router2# configure terminal
    Router2(config)# router ospf 1
    Router2(config-router)# metric 100
    Router2(config-router)# exit
    Router2(config)# end
    ```",COMPLETED,"Router2# configure terminal
Router2(config)# router ospf 1
Router2(config-router)# default-metric 100
Router2(config-router)# exit
Router2(config)# end","{
  ""action"": ""COMPLETED"",
  ""completed_answer"": ""Router2# configure terminal\nRouter2(config)# router ospf 1\nRouter2(config-router)# default-metric 100\nRouter2(config-router)# exit\nRouter2(config)# end""
}"
Implement VRF (Virtual Routing and Forwarding) on Router3 for network isolation,"    ```
    Router3# configure terminal
    Router3(config)# vrf definition vrf_name
    Router3(config-vrf)# exit
    Router3(config)# interface type number
    Router3(config-if)# ip vrf forwarding vrf_name
    Router3(config-if)# exit
    ```",COMPLETED,"Router3# configure terminal
Router3(config)# vrf definition management
Router3(config-vrf)# exit
Router3(config)# interface Ethernet0/2
Router3(config-if)# ip vrf forwarding management
Router3(config-if)# exit","{
  ""action"": ""COMPLETED"",
  ""completed_answer"": ""Router3# configure terminal\nRouter3(config)# vrf definition management\nRouter3(config-vrf)# exit\nRouter3(config)# interface Ethernet0/2\nRouter3(config-if)# ip vrf forwarding management\nRouter3(config-if)# exit""
}"
Configure Router4 to use a different default gateway for specific traffic,"    ~~~Router4~~~~
    ip cef
    ip route 192.168.1.0/24 10.1.1.1
    ip route 10.1.1.0/24 192.168.1.1",COMPLETED,"ip cef
ip route 192.168.1.0/24 10.1.1.1
ip route 10.1.1.0/24 192.168.1.1
access-list 1 permit 192.168.1.0 0.0.0.255
route-map set-default-gw permit 10
match ip address 1
set ip next-hop 10.14.14.1","{
  ""action"": ""COMPLETED"",
  ""completed_answer"": ""ip cef\nip route 192.168.1.0/24 10.1.1.1\nip route 10.1.1.0/24 192.168.1.1\naccess-list 1 permit 192.168.1.0 0.0.0.255\nroute-map set-default-gw permit 10\nmatch ip address 1\nset ip next-hop 10.14.14.1""
}"
Implement traffic shaping on Router1 to limit bandwidth for HTTP traffic.,"    ```
    Router1(config)# policy-map http-traffic-shaping
    Router1(config-pmap)# class class-default
    Router1(config-pmap-c)# shape average 10000000
    Router1(config-pmap-c)# police rate 10000000
    Router1(config-pmap-c)# conform-action transmit
    Router1(config-pmap-c)# exceed-action drop
    Router1(config-pmap-c)# violate-",COMPLETED,"Router1(config)# policy-map http-traffic-shaping
Router1(config-pmap)# class class-default
Router1(config-pmap-c)# shape average 10000000
Router1(config-pmap-c)# police rate 10000000
Router1(config-pmap-c)# conform-action transmit
Router1(config-pmap-c)# exceed-action drop
Router1(config-pmap-c)# violate-action transmit","{
  ""action"": ""COMPLETED"",
  ""completed_answer"": ""Router1(config)# policy-map http-traffic-shaping\nRouter1(config-pmap)# class class-default\nRouter1(config-pmap-c)# shape average 10000000\nRouter1(config-pmap-c)# police rate 10000000\nRouter1(config-pmap-c)# conform-action transmit\nRouter1(config-pmap-c)# exceed-action drop\nRouter1(config-pmap-c)# violate-action transmit\n""
}"
Configure Router2 to prioritize VoIP traffic over other traffic types.,"      ~~~Router2~~~~
    priority-group 100
    class-map match-any voip-traffic
      match protocol rtp
    policy-map voip-policy
      class voip-traffic
        priority 100
    service-policy voip-policy",COMPLETED,"priority-group 100
!
class-map match-any voip-traffic
 match protocol rtp
!
policy-map voip-policy
 class voip-traffic
  priority 100
!
interface Ethernet0/0
 service-policy output voip-policy
!
interface Ethernet0/1
 service-policy output voip-policy
!
interface Ethernet0/2
 service-policy output voip-policy","{
  ""action"": ""COMPLETED"",
  ""completed_answer"": ""priority-group 100\n!\nclass-map match-any voip-traffic\n match protocol rtp\n!\npolicy-map voip-policy\n class voip-traffic\n  priority 100\n!\ninterface Ethernet0/0\n service-policy output voip-policy\n!\ninterface Ethernet0/1\n service-policy output voip-policy\n!\ninterface Ethernet0/2\n service-policy output voip-policy""
}"
Implement Class-Based Weighted Fair Queuing (CBWFQ) on Router3 for LAN traffic.,"    ```cisco
    ~~~Router3~~~~
    class-map match-any LAN_TRAFFIC
      match ip dscp ef
    policy-map LAN_POLICY
      class LAN_TRAFFIC
        priority 10000
    service-policy input LAN_POLICY
    ```",COMPLETED,"class-map match-any LAN_TRAFFIC
  match ip dscp ef
policy-map LAN_POLICY
  class LAN_TRAFFIC
    priority 10000
  class class-default
    fair-queue bandwidth 50 queue-limit 200
service-policy output LAN_POLICY","{
  ""action"": ""COMPLETED"",
  ""completed_answer"": ""class-map match-any LAN_TRAFFIC\n  match ip dscp ef\npolicy-map LAN_POLICY\n  class LAN_TRAFFIC\n    priority 10000\n  class class-default\n    fair-queue bandwidth 50 queue-limit 200\nservice-policy output LAN_POLICY""
}"
Configure Router4 to classify and mark packets for expedited forwarding (EF).,"    ```
    Router4(config)# class-map match-any EF
    Router4(config-cmap)# match ip dscp ef
    Router4(config-cmap)# exit
    Router4(config)# policy-map EF-Policy
    Router4(config-pmap)# class EF
    Router4(config-pmap-c)# set qos-group 1
    Router4(config-pmap-c)# exit
    Router4(config)# interface FastEthernet0/0
   ",COMPLETED,"Router4(config)# class-map match-any EF
Router4(config-cmap)# match ip dscp ef
Router4(config-cmap)# exit
Router4(config)# policy-map EF-Policy
Router4(config-pmap)# class EF
Router4(config-pmap-c)# set qos-group 1
Router4(config-pmap-c)# exit
Router4(config)# interface Ethernet0/0
Router4(config-if)# service-policy output EF-Policy
Router4(config-if)# exit
Router4(config)# interface Ethernet0/1
Router4(config-if)# service-policy output EF-Policy
Router4(config-if)# exit
Router4(config)# interface Ethernet0/2
Router4(config-if)# service-policy output EF-Policy
Router4(config-if)# exit","{
  ""action"": ""COMPLETED"",
  ""completed_answer"": ""    Router4(config)# class-map match-any EF\nRouter4(config-cmap)# match ip dscp ef\nRouter4(config-cmap)# exit\nRouter4(config)# policy-map EF-Policy\nRouter4(config-pmap)# class EF\nRouter4(config-pmap-c)# set qos-group 1\nRouter4(config-pmap-c)# exit\nRouter4(config)# interface Ethernet0/0\nRouter4(config-if)# service-policy output EF-Policy\nRouter4(config-if)# exit\nRouter4(config)# interface Ethernet0/1\nRouter4(config-if)# service-policy output EF-Policy\nRouter4(config-if)# exit\nRouter4(config)# interface Ethernet0/2\nRouter4(config-if)# service-policy output EF-Policy\nRouter4(config-if)# exit""
}"
Implement policy-based QoS on Router1 to prioritize traffic from specific VLANs.,"    ```cisco
    Router1(config)# policy-map VLAN_PRIORITY
    Router1(config-pmap)# class VLAN_1
    Router1(config-pmap-c)# priority 100
    Router1(config-pmap-c)# shape average 10000
    Router1(config-pmap-c)# police 10000 10000 conform-action transmit exceed-action drop
    Router1(config-pmap-c)# exit
    Router1",COMPLETED,"Router1(config)# policy-map VLAN_PRIORITY
Router1(config-pmap)# class VLAN_1
Router1(config-pmap-c)# priority 100
Router1(config-pmap-c)# exit
Router1(config-pmap)# class VLAN_2
Router1(config-pmap-c)# bandwidth 500
Router1(config-pmap-c)# exit
Router1(config-pmap)# exit
Router1(config)# interface Ethernet0/1
Router1(config-if)# service-policy output VLAN_PRIORITY
Router1(config-if)# exit","{
  ""action"": ""COMPLETED"",
  ""completed_answer"": ""Router1(config)# policy-map VLAN_PRIORITY\nRouter1(config-pmap)# class VLAN_1\nRouter1(config-pmap-c)# priority 100\nRouter1(config-pmap-c)# exit\nRouter1(config-pmap)# class VLAN_2\nRouter1(config-pmap-c)# bandwidth 500\nRouter1(config-pmap-c)# exit\nRouter1(config-pmap)# exit\nRouter1(config)# interface Ethernet0/1\nRouter1(config-if)# service-policy output VLAN_PRIORITY\nRouter1(config-if)# exit""
}"
Configure Router2 to apply traffic policing to limit outbound traffic on WAN interface.,"    ```
    Router2# configure terminal
    Router2(config)# interface FastEthernet0/0
    Router2(config-if)# police rate 10000000 bps
    Router2(config-if)# exit
    Router2(config)#
    ```",COMPLETED,"Router2# configure terminal
Router2(config)# interface Ethernet0/0
Router2(config-if)# police rate 10000000 bps conform-action transmit exceed-action drop
Router2(config-if)# exit
Router2(config)#[","{
  ""action"": ""COMPLETED"",
  ""completed_answer"": ""Router2# configure terminal\nRouter2(config)# interface Ethernet0/0\nRouter2(config-if)# police rate 10000000 bps conform-action transmit exceed-action drop\nRouter2(config-if)# exit\nRouter2(config)#[\n""
}"
Implement Low Latency Queuing (LLQ) on Router3 for real-time application traffic.,"    ~~~Router3~~~~
    interface FastEthernet0/0
     service-policy input LLQ",COMPLETED,"interface FastEthernet0/0
 service-policy input LLQ
!
!
qos policy-map LLQ
 class real-time
 bandwidth 1000
 priority
!","{
  ""action"": ""COMPLETED"",
  ""completed_answer"": ""interface FastEthernet0/0\n service-policy input LLQ\n!\n!\nqos policy-map LLQ\n class real-time\n bandwidth 1000\n priority\n!""
}"
Set up Router4 to throttle P2P traffic to prevent it from consuming excessive bandwidth.,"    ~~~Router4~~~~
    class-map match-any p2p-traffic
      match protocol p2p
    policy-map throttle-p2p
      class p2p-traffic
        police rate 10000000 bps
    interface FastEthernet0/0
      service-policy input throttle-p2p",COMPLETED,"class-map match-any p2p-traffic
  match protocol p2p
policy-map throttle-p2p
  class p2p-traffic
    police rate 10000000 bps burst 64000 conform-action transmit exceed-action drop
interface Ethernet0/0
  service-policy input throttle-p2p","{
  ""action"": ""COMPLETED"",
  ""completed_answer"": ""class-map match-any p2p-traffic\n  match protocol p2p\npolicy-map throttle-p2p\n  class p2p-traffic\n    police rate 10000000 bps burst 64000 conform-action transmit exceed-action drop\ninterface Ethernet0/0\n  service-policy input throttle-p2p""
}"
Configure Router1 to prioritize VoIP traffic based on DSCP markings.,"    ~~~Router1~~~~
    ip cef
    mpls traffic-eng
    mpls ldp
    mpls nhrp
    mpls nhrp map 10.1.1.1 10.1.1.2
    mpls nhrp network-id 10.1.1.0
    mpls nhrp holdtime 300
    mpls nhrp authentication cisco
    mpls nhrp map-group 10.1.1.0
    mpls nhrp map",COMPLETED,"ip cef
mpls traffic-eng
mpls ldp
mpls nhrp
mpls nhrp map 10.1.1.1 10.1.1.2
mpls nhrp network-id 10.1.1.0
mpls nhrp holdtime 300
mpls nhrp authentication cisco
mpls nhrp map-group 10.1.1.0
!
!
interface Ethernet0/0
 ip address 10.0.1.0 255.255.255.0
 no shutdown
!
interface Ethernet0/1
 ip address 10.0.12.1 255.255.255.0
 no shutdown
!
interface Ethernet0/2
 ip address 10.0.14.1 255.255.255.0
 no shutdown
!
!
routing-policy VOIP_TRAFFIC
 if-match dscp ef
!
!
policy-map QOS_POLICY
 class class-default
 police cir 30000 bc 600 be 150 conform-action transmit exceed-action drop
!
!
policy-map interface output Ethernet0/0
 service-policy output QOS_POLICY
!
policy-map interface output Ethernet0/1
 service-policy output QOS_POLICY
!
policy-map interface output Ethernet0/2
 service-policy output QOS_POLICY
!","{
  ""action"": ""COMPLETED"",
  ""completed_answer"": ""ip cef\nmpls traffic-eng\nmpls ldp\nmpls nhrp\nmpls nhrp map 10.1.1.1 10.1.1.2\nmpls nhrp network-id 10.1.1.0\nmpls nhrp holdtime 300\nmpls nhrp authentication cisco\nmpls nhrp map-group 10.1.1.0\n!\n!\ninterface Ethernet0/0\n ip address 10.0.1.0 255.255.255.0\n no shutdown\n!\ninterface Ethernet0/1\n ip address 10.0.12.1 255.255.255.0\n no shutdown\n!\ninterface Ethernet0/2\n ip address 10.0.14.1 255.255.255.0\n no shutdown\n!\n!\nrouting-policy VOIP_TRAFFIC\n if-match dscp ef\n!\n!\npolicy-map QOS_POLICY\n class class-default\n police cir 30000 bc 600 be 150 conform-action transmit exceed-action drop\n!\n!\npolicy-map interface output Ethernet0/0\n service-policy output QOS_POLICY\n!\npolicy-map interface output Ethernet0/1\n service-policy output QOS_POLICY\n!\npolicy-map interface output Ethernet0/2\n service-policy output QOS_POLICY\n!""
}"
Implement Weighted Random Early Detection (WRED) on Router2 to manage congestion.,"    ```
    Router2# configure terminal
    Router2(config)# interface FastEthernet0/0
    Router2(config-if)# ip address 192.168.1.2 255.255.255.0
    Router2(config-if)# ip pim sparse-mode
    Router2(config-if)# ip pim sparse-mode
    Router2(config-if)# ip pim sparse-mode
    Router2(config-if)# ip pim sp",COMPLETED,"Router2# configure terminal
Router2(config)# interface Ethernet0/0
Router2(config-if)# ip address 10.0.12.2 255.255.255.0
Router2(config-if)# ip pim sparse-mode
Router2(config-if)# exit
Router2(config)# interface Ethernet0/1
Router2(config-if)# ip address 10.0.23.1 255.255.255.0
Router2(config-if)# ip pim sparse-mode
Router2(config-if)# exit
Router2(config)# interface Ethernet0/2
Router2(config-if)# ip address 10.0.24.1 255.255.255.0
Router2(config-if)# ip pim sparse-mode
Router2(config-if)# exit
Router2(config)# interface Ethernet0/0
Router2(config-if)# bandwidth 100000
Router2(config-if)# traffic-policy WRED
Router2(config-if)# traffic-policy class WRED
Router2(config-tp-class)# ip dscp af31 queue-limit 50
Router2(config-tp-class)# ip dscp af41 queue-limit 50
Router2(config-tp-class)# random-detect
Router2(config-tp-class)# random-detect dscp-based
Router2(config-tp-class)# random-detect weight af31 100
Router2(config-tp-class)# random-detect weight af41 200
Router2(config-tp-class)# exit
Router2(config-if)# queue-limit 50
Router2(config-if)# end","{
  ""action"": ""COMPLETED"",
  ""completed_answer"": ""Router2# configure terminal\nRouter2(config)# interface Ethernet0/0\nRouter2(config-if)# ip address 10.0.12.2 255.255.255.0\nRouter2(config-if)# ip pim sparse-mode\nRouter2(config-if)# exit\nRouter2(config)# interface Ethernet0/1\nRouter2(config-if)# ip address 10.0.23.1 255.255.255.0\nRouter2(config-if)# ip pim sparse-mode\nRouter2(config-if)# exit\nRouter2(config)# interface Ethernet0/2\nRouter2(config-if)# ip address 10.0.24.1 255.255.255.0\nRouter2(config-if)# ip pim sparse-mode\nRouter2(config-if)# exit\nRouter2(config)# interface Ethernet0/0\nRouter2(config-if)# bandwidth 100000\nRouter2(config-if)# traffic-policy WRED\nRouter2(config-if)# traffic-policy class WRED\nRouter2(config-tp-class)# ip dscp af31 queue-limit 50\nRouter2(config-tp-class)# ip dscp af41 queue-limit 50\nRouter2(config-tp-class)# random-detect\nRouter2(config-tp-class)# random-detect dscp-based\nRouter2(config-tp-class)# random-detect weight af31 100\nRouter2(config-tp-class)# random-detect weight af41 200\nRouter2(config-tp-class)# exit\nRouter2(config-if)# queue-limit 50\nRouter2(config-if)# end""
}"
Configure Router3 to apply rate limiting on specific subnets.,"    ```
    ~~~Router3~~~~
    interface FastEthernet0/0
     description ""Router3 - Subnet 10.1.1.0/24""
     ip address 10.1.1.1 255.255.255.0
     service-policy input RATE-LIMIT-SUBNET-10-1-1
     exit

    interface FastEthernet0/1
     description ""Router3 - Subnet 10.1.2.0/24""
     ip address 10.1.2.1 255",COMPLETED,"~~~Router3~~~~
    interface FastEthernet0/0
     description ""Router3 - Subnet 10.1.1.0/24""
     ip address 10.1.1.1 255.255.255.0
     service-policy input RATE-LIMIT-SUBNET-10-1-1
     exit

    interface FastEthernet0/1
     description ""Router3 - Subnet 10.1.2.0/24""
     ip address 10.1.2.1 255.255.255.0
     service-policy input RATE-LIMIT-SUBNET-10-1-2
     exit","{
  ""action"": ""COMPLETED"",
  ""completed_answer"": ""    ~~~Router3~~~~\n    interface FastEthernet0/0\n     description \""Router3 - Subnet 10.1.1.0/24\""\n     ip address 10.1.1.1 255.255.255.0\n     service-policy input RATE-LIMIT-SUBNET-10-1-1\n     exit\n\n    interface FastEthernet0/1\n     description \""Router3 - Subnet 10.1.2.0/24\""\n     ip address 10.1.2.1 255.255.255.0\n     service-policy input RATE-LIMIT-SUBNET-10-1-2\n     exit\n""
}"
Allow HTTP traffic from LAN to WAN on Router1,"    ~~~Router1~~~~
    interface FastEthernet0/0
    ip address 192.168.1.1 255.255.255.0
    ip http server
    exit
    ~~~Router2~~~~
    interface FastEthernet0/0
    ip address 192.168.2.1 255.255.255.0
    ip http server
    exit",COMPLETED,"~~~Router1~~~~
    interface Ethernet0/0
    ip address 10.0.1.1 255.255.255.0
    no shutdown
    exit
    ip http server
    access-list 1 permit 10.0.1.0 0.0.0.255
    ip access-group 1 in interface Ethernet0/0","{
  ""action"": ""COMPLETED"",
  ""completed_answer"": ""    ~~~Router1~~~~\n    interface Ethernet0/0\n    ip address 10.0.1.1 255.255.255.0\n    no shutdown\n    exit\n    ip http server\n    access-list 1 permit 10.0.1.0 0.0.0.255\n    ip access-group 1 in interface Ethernet0/0\n""
}"
Permit ICMP echo requests from Router3 LAN to Router2 LAN,"    ```
    Router3# configure terminal
    Router3(config)# ip access-list standar  d permit-icmp-echo-req
    Router3(config-std-acl)# permit icmp any any echo
    Router3(config-std-acl)# exit
    Router3(config)# interface fastethernet 0/0
    Router3(config-if)# ip access-group permit-icmp-echo-req in
    Router3(config-if)# exit
    ```
    ```
    Router2# configure terminal
    Router2",COMPLETED,"Router3# configure terminal
Router3(config)# ip access-list standard permit-icmp-echo-req
Router3(config-std-acl)# permit icmp any any echo
Router3(config-std-acl)# exit
Router3(config)# interface fastethernet0/2
Router3(config-if)# ip access-group permit-icmp-echo-req in
Router3(config-if)# exit

Router2# configure terminal
Router2(config)# ip access-list standard permit-icmp-echo-req-inbound
Router2(config-std-acl)# permit icmp 10.0.2.0 0.0.0.255 any echo
Router2(config-std-acl)# exit
Router2(config)# interface fastethernet0/0
Router2(config-if)# ip access-group permit-icmp-echo-req-inbound in
Router2(config-if)# exit","{
  ""action"": ""COMPLETED"",
  ""completed_answer"": ""Router3# configure terminal\nRouter3(config)# ip access-list standard permit-icmp-echo-req\nRouter3(config-std-acl)# permit icmp any any echo\nRouter3(config-std-acl)# exit\nRouter3(config)# interface fastethernet0/2\nRouter3(config-if)# ip access-group permit-icmp-echo-req in\nRouter3(config-if)# exit\n\nRouter2# configure terminal\nRouter2(config)# ip access-list standard permit-icmp-echo-req-inbound\nRouter2(config-std-acl)# permit icmp 10.0.2.0 0.0.0.255 any echo\nRouter2(config-std-acl)# exit\nRouter2(config)# interface fastethernet0/0\nRouter2(config-if)# ip access-group permit-icmp-echo-req-inbound in\nRouter2(config-if)# exit""
}"
Deny Telnet traffic from Router4 to any destination,"    ```
    Router4# configure terminal
    Router4(config)# ip access-list extended DENY_TELNET
    Router4(config-ext-nacl)# deny tcp any any eq 23
    Router4(config-ext-nacl)# exit
    Router4(config)# interface serial 0/0
    Router4(config-if)# ip access-group DENY_TELNET in
    Router4(config-if)# exit
    ```",COMPLETED,"Router4# configure terminal
Router4(config)# ip access-list extended DENY_TELNET
Router4(config-ext-nacl)# deny tcp any eq telnet any
Router4(config-ext-nacl)# exit
Router4(config)# interface Ethernet0/0
Router4(config-if)# ip access-group DENY_TELNET in
Router4(config-if)# exit","{
  ""action"": ""COMPLETED"",
  ""completed_answer"": ""Router4# configure terminal\nRouter4(config)# ip access-list extended DENY_TELNET\nRouter4(config-ext-nacl)# deny tcp any eq telnet any\nRouter4(config-ext-nacl)# exit\nRouter4(config)# interface Ethernet0/0\nRouter4(config-if)# ip access-group DENY_TELNET in\nRouter4(config-if)# exit""
}"
Allow SSH traffic from Router2 LAN to Router1 LAN,"    ```
    Router1# configure terminal
    Router1(config)# ip access-list extended SSH-ALLOW
    Router1(config-ext-nacl)# permit ip any any
    Router1(config-ext-nacl)# exit
    Router1(config)# interface fastethernet 0/0
    Router1(config-if)# ip address 192.168.1.1 255.255.255.0
    Router1(config-if)# exit
    Router1(config)#",COMPLETED,"Router1# configure terminal
Router1(config)# ip access-list extended SSH-ALLOW
Router1(config-ext-nacl)# permit tcp host 10.0.23.2 eq 22 any
Router1(config-ext-nacl)# exit
Router1(config)# interface fastethernet 0/0
Router1(config-if)# ip address 192.168.1.1 255.255.255.0
Router1(config-if)# exit
Router1(config)# line vty 0 4
Router1(config-line)# access-class SSH-ALLOW in
Router1(config-line)# exit
Router1(config)#","{
  ""action"": ""COMPLETED"",
  ""completed_answer"": ""Router1# configure terminal\nRouter1(config)# ip access-list extended SSH-ALLOW\nRouter1(config-ext-nacl)# permit tcp host 10.0.23.2 eq 22 any\nRouter1(config-ext-nacl)# exit\nRouter1(config)# interface fastethernet 0/0\nRouter1(config-if)# ip address 192.168.1.1 255.255.255.0\nRouter1(config-if)# exit\nRouter1(config)# line vty 0 4\nRouter1(config-line)# access-class SSH-ALLOW in\nRouter1(config-line)# exit\nRouter1(config)#""
}"
Permit SNMP traffic from Management Network to all routers,"    ~~~mgmt_router~~~~
    snmp-server enable traps
    snmp-server host 10.1.1.100 version 2c
    snmp-server community public
    snmp-server group public v2c
    snmp-server group public v3 auth md5 public
    snmp-server group public v3 priv aes 128
    snmp-server group public v3 priv aes 128
    snmp-server group public v3 priv aes 128
    snmp-server group public v3 priv a",COMPLETED,"snmp-server enable traps
snmp-server host 10.1.1.100 version 2c public
snmp-server community public
snmp-server group public v2c
snmp-server group public v3 auth md5 public
snmp-server group public v3 priv aes 128
access-list mgmt-acl permit udp any host 10.1.1.100 eq snmp
access-list mgmt-acl permit tcp any host 10.1.1.100 eq snmp
interface Ethernet0/0
 ip access-group mgmt-acl in
interface Ethernet0/1
 ip access-group mgmt-acl in
interface Ethernet0/2
 ip access-group mgmt-acl in","{
  ""action"": ""COMPLETED"",
  ""completed_answer"": ""snmp-server enable traps\nsnmp-server host 10.1.1.100 version 2c public\nsnmp-server community public\nsnmp-server group public v2c\nsnmp-server group public v3 auth md5 public\nsnmp-server group public v3 priv aes 128\naccess-list mgmt-acl permit udp any host 10.1.1.100 eq snmp\naccess-list mgmt-acl permit tcp any host 10.1.1.100 eq snmp\ninterface Ethernet0/0\n ip access-group mgmt-acl in\ninterface Ethernet0/1\n ip access-group mgmt-acl in\ninterface Ethernet0/2\n ip access-group mgmt-acl in""
}"
Deny FTP traffic from Router1 to external networks,"    ```
    Router1(config)# ip access-list extended DENY_FTP
    Router1(config-ext-nacl)# deny ftp any any
    Router1(config-ext-nacl)# exit
    Router1(config)# interface fastethernet 0/0
    Router1(config-if)# ip access-group DENY_FTP in
    ```",COMPLETED,"Router1(config)# ip access-list extended DENY_FTP
Router1(config-ext-nacl)# deny tcp any eq ftp any eq ftp
Router1(config-ext-nacl)# exit
Router1(config)# interface fastethernet 0/0
Router1(config-if)# ip access-group DENY_FTP in
Router1(config-if)# exit","{
  ""action"": ""COMPLETED"",
  ""completed_answer"": ""Router1(config)# ip access-list extended DENY_FTP\nRouter1(config-ext-nacl)# deny tcp any eq ftp any eq ftp\nRouter1(config-ext-nacl)# exit\nRouter1(config)# interface fastethernet 0/0\nRouter1(config-if)# ip access-group DENY_FTP in\nRouter1(config-if)# exit""
}"
Allow DNS traffic from LAN to WAN on Router3,"    ```
    Router3# configure terminal
    Router3(config)# ip access-list extended DNS_ALLOW
    Router3(config-ext-nacl)# permit udp any any eq 53
    Router3(config-ext-nacl)# exit
    Router3(config)# interface FastEthernet0/0
    Router3(config-if)# ip access-group DNS_ALLOW in
    Router3(config-if)# exit
    ```",COMPLETED,"Router3# configure terminal
Router3(config)# ip access-list extended DNS_ALLOW
Router3(config-ext-nacl)# permit udp any eq 53 any eq 53
Router3(config-ext-nacl)# exit
Router3(config)# interface Ethernet0/2
Router3(config-if)# ip access-group DNS_ALLOW in
Router3(config-if)# exit","{
  ""action"": ""COMPLETED"",
  ""completed_answer"": ""Router3# configure terminal\nRouter3(config)# ip access-list extended DNS_ALLOW\nRouter3(config-ext-nacl)# permit udp any eq 53 any eq 53\nRouter3(config-ext-nacl)# exit\nRouter3(config)# interface Ethernet0/2\nRouter3(config-if)# ip access-group DNS_ALLOW in\nRouter3(config-if)# exit""
}"
Permit ICMP echo replies from WAN to LAN on Router4,"    ```cisco
    Router4# configure terminal
    Router4(config)# ip access-list extended WAN-to-LAN
    Router4(config-ext-nacl)# permit icmp any any echo-reply
    Router4(config-ext-nacl)# exit
    Router4(config)# interface FastEthernet0/0
    Router4(config-if)# ip access-group WAN-to-LAN in
    Router4(config-if)# exit
    ```",COMPLETED,"Router4# configure terminal
Router4(config)# ip access-list extended WAN-to-LAN
Router4(config-ext-nacl)# permit icmp any any echo-reply
Router4(config-ext-nacl)# exit
Router4(config)# interface Ethernet0/1
Router4(config-if)# ip access-group WAN-to-LAN in
Router4(config-if)# exit
Router4(config)# interface Ethernet0/2
Router4(config-if)# ip access-group WAN-to-LAN in
Router4(config-if)# exit","{
  ""action"": ""COMPLETED"",
  ""completed_answer"": ""Router4# configure terminal\nRouter4(config)# ip access-list extended WAN-to-LAN\nRouter4(config-ext-nacl)# permit icmp any any echo-reply\nRouter4(config-ext-nacl)# exit\nRouter4(config)# interface Ethernet0/1\nRouter4(config-if)# ip access-group WAN-to-LAN in\nRouter4(config-if)# exit\nRouter4(config)# interface Ethernet0/2\nRouter4(config-if)# ip access-group WAN-to-LAN in\nRouter4(config-if)# exit""
}"
Deny UDP traffic on port 69 from LAN to WAN on Router2,"    ```
    Router2# configure terminal
    Router2(config)# access-list 101 deny udp any any eq 69
    Router2(config)# interface fastethernet 0/1
    Router2(config-if)# ip access-group 101 in
    ```",COMPLETED,"Router2# configure terminal
Router2(config)# access-list 101 deny udp any any eq 69
Router2(config)# interface fastethernet 0/1
Router2(config-if)# ip access-group 101 in
Router2(config-if)# exit
Router2(config)# interface Ethernet0/0
Router2(config-if)# ip access-group 101 out","{
  ""action"": ""COMPLETED"",
  ""completed_answer"": ""Router2# configure terminal\nRouter2(config)# access-list 101 deny udp any any eq 69\nRouter2(config)# interface fastethernet 0/1\nRouter2(config-if)# ip access-group 101 in\nRouter2(config-if)# exit\nRouter2(config)# interface Ethernet0/0\nRouter2(config-if)# ip access-group 101 out\n""
}"
Allow NTP traffic from Router4 to external time servers,"    ```cisco
    Router4# configure terminal
    Router4(config)# ip ntp server 10.1.1.1
    Router4(config)# ip ntp server 10.1.1.2
    Router4(config)# ip ntp server 10.1.1.3
    Router4(config)# ip ntp server 10.1.1.4
    Router4(config)# ip ntp authentication key 1
    Router4(config)# ip ntp authentication mode md5
    Router4(config)# ip n",COMPLETED,"Router4# configure terminal
Router4(config)# ip ntp server 10.1.1.1
Router4(config)# ip ntp server 10.1.1.2
Router4(config)# ip ntp server 10.1.1.3
Router4(config)# ip ntp server 10.1.1.4
Router4(config)# ip ntp authentication-key 1 md5 <password>
Router4(config)# ip ntp authentication-mode key 1","{
  ""action"": ""COMPLETED"",
  ""completed_answer"": ""Router4# configure terminal\nRouter4(config)# ip ntp server 10.1.1.1\nRouter4(config)# ip ntp server 10.1.1.2\nRouter4(config)# ip ntp server 10.1.1.3\nRouter4(config)# ip ntp server 10.1.1.4\nRouter4(config)# ip ntp authentication-key 1 md5 <password>\nRouter4(config)# ip ntp authentication-mode key 1""
}"
Permit SMTP traffic from Router1 LAN to Router3 LAN,"    ```cisco
    Router1# configure terminal
    Router1(config)# ip access-list extended ALLOW_SMTP
    Router1(config-ext-nacl)# permit tcp any any eq 25
    Router1(config-ext-nacl)# exit
    Router1(config)# interface fastethernet 0/1
    Router1(config-if)# ip address 192.168.1.1 255.255.255.0",COMPLETED,"Router1# configure terminal
Router1(config)# ip access-list extended ALLOW_SMTP
Router1(config-ext-nacl)# permit tcp host 10.0.1.10 eq 25 any
Router1(config-ext-nacl)# exit
Router1(config)# interface fastethernet 0/1
Router1(config-if)# ip address 192.168.1.1 255.255.255.0","{
  ""action"": ""COMPLETED"",
  ""completed_answer"": ""Router1# configure terminal\nRouter1(config)# ip access-list extended ALLOW_SMTP\nRouter1(config-ext-nacl)# permit tcp host 10.0.1.10 eq 25 any\nRouter1(config-ext-nacl)# exit\nRouter1(config)# interface fastethernet 0/1\nRouter1(config-if)# ip address 192.168.1.1 255.255.255.0""
}"
Deny SNMP traffic from WAN to LAN on Router2,"    ```cisco
    Router2# configure terminal
    Router2(config)# snmp-server host 192.168.1.100 deny
    Router2(config)# exit
    ```",COMPLETED,"Router2# configure terminal
Router2(config)# snmp-server host 192.168.1.100 deny
Router2(config)# access-list 100 deny udp any eq snmp any
Router2(config)# interface Ethernet0/0
Router2(config-if)# ip access-group 100 in
Router2(config-if)# exit
Router2(config)# exit","{
  ""action"": ""COMPLETED"",
  ""completed_answer"": ""Router2# configure terminal\nRouter2(config)# snmp-server host 192.168.1.100 deny\nRouter2(config)# access-list 100 deny udp any eq snmp any\nRouter2(config)# interface Ethernet0/0\nRouter2(config-if)# ip access-group 100 in\nRouter2(config-if)# exit\nRouter2(config)# exit\n""
}"
Allow TFTP traffic from Router3 to Router4,"    ```
    Router3# configure terminal
    Router3(config)# ip access-list extended TFTP_ALLOW
    Router3(config-ext-nacl)# permit udp any eq 69 Router4
    Router3(config-ext-nacl)# exit
    Router3(config)# interface FastEthernet0/0
    Router3(config-if)# ip address 192.168.1.3 255.255.255.0
    Router3(config-if)# exit
",COMPLETED,"Router3# configure terminal
Router3(config)# ip access-list extended TFTP_ALLOW
Router3(config-ext-nacl)# permit udp any eq 69 10.0.34.2
Router3(config-ext-nacl)# exit
Router3(config)# interface FastEthernet0/0
Router3(config-if)# ip address 192.168.1.3 255.255.255.0
Router3(config-if)# exit","{
  ""action"": ""COMPLETED"",
  ""completed_answer"": ""Router3# configure terminal\nRouter3(config)# ip access-list extended TFTP_ALLOW\nRouter3(config-ext-nacl)# permit udp any eq 69 10.0.34.2\nRouter3(config-ext-nacl)# exit\nRouter3(config)# interface FastEthernet0/0\nRouter3(config-if)# ip address 192.168.1.3 255.255.255.0\nRouter3(config-if)# exit""
}"
Permit HTTPS traffic from LAN to WAN on Router1,"
    ~~~Router1~~~~
    interface FastEthernet0/0
    ip address 192.168.1.1 255.255.255.0
    ip http server
    ip http secure-server
    exit
    ~~~Router2~~~~
    interface FastEthernet0/0
    ip address 192.168.2.1 255.255.255.0
    ip http server
    ip http secure-server",COMPLETED,"~~~Router1~~~~
    interface Ethernet0/0
    ip address 10.0.1.1 255.255.255.0
    no shutdown
    exit
    ip http server
    ip http secure-server
    access-list 1 permit tcp any eq https
    line vty 0 4
    access-class 1 in
    exit","{
  ""action"": ""COMPLETED"",
  ""completed_answer"": ""    ~~~Router1~~~~\n    interface Ethernet0/0\n    ip address 10.0.1.1 255.255.255.0\n    no shutdown\n    exit\n    ip http server\n    ip http secure-server\n    access-list 1 permit tcp any eq https\n    line vty 0 4\n    access-class 1 in\n    exit""
}"
Deny NetBIOS traffic from Router2 to Router1,"    ~~~Router1~~~~
    ip access-list extended deny-netbios
      deny ip any any netbios
    !
    access-group deny-netbios in
    ~~~Router2~~~~
    ip access-list extended deny-netbios
      deny ip any any netbios
    !
    access-group deny-netbios in",COMPLETED,"~~~Router1~~~~
access-list deny-netbios extended permit ip any any
access-list deny-netbios extended deny tcp host 10.0.12.2 eq netbios-ssn any
access-list deny-netbios extended deny udp host 10.0.12.2 eq netbios-ns any
access-group deny-netbios in
~~~Router2~~~~","{
  ""action"": ""COMPLETED"",
  ""completed_answer"": ""~~~Router1~~~~\naccess-list deny-netbios extended permit ip any any\naccess-list deny-netbios extended deny tcp host 10.0.12.2 eq netbios-ssn any\naccess-list deny-netbios extended deny udp host 10.0.12.2 eq netbios-ns any\naccess-group deny-netbios in\n~~~Router2~~~~\n""
}"
Configure IP addresses on Router1 interfaces,"    ```
    Router1# configure terminal
    Router1(config)# interface FastEthernet0/0
    Router1(config-if)# ip address 192.168.1.1 255.255.255.0
    Router1(config-if)# no shutdown
    Router1(config-if)# exit
    Router1(config)",NO_CODE,NO_CODE,"{
  ""action"": ""NO_CODE"",
  ""completed_answer"": ""NO_CODE""
}"
Configure IP addresses on Router2 interfaces,"    ```
    Router2# configure terminal
    Router2(config)# interface FastEthernet0/0
    Router2(config-if)# ip address 192.168.1.1 255.255.255.0
    Router2(config-if)# exit
    Router2(config)# interface FastEthernet0/1
    Router2",NO_CODE,NO_CODE,"{
  ""action"": ""NO_CODE"",
  ""completed_answer"": """"
}"
Configure IP addresses on Router3 interfaces,"    ```
    Router3# configure terminal
    Router3(config)# interface FastEthernet0/0
    Router3(config-if)# ip address 192.168.1.1 255.255.255.0
    Router3(config-if)# no shutdown
    Router3(config-if)# exit
    Router3(config)",COMPLETED,"Router3# configure terminal
Router3(config)# interface FastEthernet0/0
Router3(config-if)# ip address 192.168.1.1 255.255.255.0
Router3(config-if)# no shutdown
Router3(config-if)# exit
Router3(config)
Router3(config)# interface Ethernet0/0
Router3(config-if)# ip address 10.0.23.2 255.255.255.0
Router3(config-if)# no shutdown
Router3(config-if)# exit
Router3(config)# interface Ethernet0/1
Router3(config-if)# ip address 10.0.34.1 255.255.255.0
Router3(config-if)# no shutdown
Router3(config-if)# exit
Router3(config)# interface Ethernet0/2
Router3(config-if)# ip address 10.0.2.1 255.255.255.0
Router3(config-if)# no shutdown
Router3(config-if)# exit","{
  ""action"": ""COMPLETED"",
  ""completed_answer"": ""Router3# configure terminal\nRouter3(config)# interface FastEthernet0/0\nRouter3(config-if)# ip address 192.168.1.1 255.255.255.0\nRouter3(config-if)# no shutdown\nRouter3(config-if)# exit\nRouter3(config)\nRouter3(config)# interface Ethernet0/0\nRouter3(config-if)# ip address 10.0.23.2 255.255.255.0\nRouter3(config-if)# no shutdown\nRouter3(config-if)# exit\nRouter3(config)# interface Ethernet0/1\nRouter3(config-if)# ip address 10.0.34.1 255.255.255.0\nRouter3(config-if)# no shutdown\nRouter3(config-if)# exit\nRouter3(config)# interface Ethernet0/2\nRouter3(config-if)# ip address 10.0.2.1 255.255.255.0\nRouter3(config-if)# no shutdown\nRouter3(config-if)# exit\n""
}"
Configure IP addresses on Router4 interfaces,"    ```
    Router4# configure terminal
    Router4(config)# interface FastEthernet0/0
    Router4(config-if)# ip address 192.168.1.1 255.255.255.0
    Router4(config-if)# no shutdown
    Router4(config-if)# exit
    Router4(config)",COMPLETED,"Router4# configure terminal
Router4(config)# interface FastEthernet0/0
Router4(config-if)# ip address 192.168.1.1 255.255.255.0
Router4(config-if)# no shutdown
Router4(config-if)# exit
Router4(config)
Router4(config)# interface Ethernet0/0
Router4(config-if)# ip address 10.0.14.2 255.255.255.0
Router4(config-if)# no shutdown
Router4(config-if)# exit
Router4(config)# interface Ethernet0/1
Router4(config-if)# ip address 10.0.24.2 255.255.255.0
Router4(config-if)# no shutdown
Router4(config-if)# exit
Router4(config)# interface Ethernet0/2
Router4(config-if)# ip address 10.0.34.2 255.255.255.0
Router4(config-if)# no shutdown
Router4(config-if)# exit","{
  ""action"": ""COMPLETED"",
  ""completed_answer"": ""Router4# configure terminal\nRouter4(config)# interface FastEthernet0/0\nRouter4(config-if)# ip address 192.168.1.1 255.255.255.0\nRouter4(config-if)# no shutdown\nRouter4(config-if)# exit\nRouter4(config)\nRouter4(config)# interface Ethernet0/0\nRouter4(config-if)# ip address 10.0.14.2 255.255.255.0\nRouter4(config-if)# no shutdown\nRouter4(config-if)# exit\nRouter4(config)# interface Ethernet0/1\nRouter4(config-if)# ip address 10.0.24.2 255.255.255.0\nRouter4(config-if)# no shutdown\nRouter4(config-if)# exit\nRouter4(config)# interface Ethernet0/2\nRouter4(config-if)# ip address 10.0.34.2 255.255.255.0\nRouter4(config-if)# no shutdown\nRouter4(config-if)# exit\n""
}"
Enable interfaces giga0/0 on Router1 and Router3,"    ```
    Router1# configure terminal
    Router1(config)# interface gigabitethernet 0/0
    Router1(config-if)# ip address 192.168.1.1 255.255.255.0
    Router1(config-if)# encapsulation dot1q 100
    Router1(config-if)# exit
    Router1#

    Router3# configure terminal
    Router3(config)# interface",COMPLETED,"Router1# configure terminal
Router1(config)# interface gigabitethernet 0/0
Router1(config-if)# ip address 192.168.1.1 255.255.255.0
Router1(config-if)# encapsulation dot1q 100
Router1(config-if)# no shutdown
Router1(config-if)# exit
Router1#

Router3# configure terminal
Router3(config)# interface gigabitethernet 0/0
Router3(config-if)# ip address 192.168.2.1 255.255.255.0
Router3(config-if)# encapsulation dot1q 200
Router3(config-if)# no shutdown
Router3(config-if)# exit
Router3#","{
  ""action"": ""COMPLETED"",
  ""completed_answer"": ""    \nRouter1# configure terminal\nRouter1(config)# interface gigabitethernet 0/0\nRouter1(config-if)# ip address 192.168.1.1 255.255.255.0\nRouter1(config-if)# encapsulation dot1q 100\nRouter1(config-if)# no shutdown\nRouter1(config-if)# exit\nRouter1#\n\nRouter3# configure terminal\nRouter3(config)# interface gigabitethernet 0/0\nRouter3(config-if)# ip address 192.168.2.1 255.255.255.0\nRouter3(config-if)# encapsulation dot1q 200\nRouter3(config-if)# no shutdown\nRouter3(config-if)# exit\nRouter3#""
}"
Enable interfaces giga0/1 on Router1 and Router2,"    ```
    Router1# configure terminal
    Router1(config)# interface gigabitethernet 0/1
    Router1(config-if)# ip address 192.168.1.1 255.255.255.0
    Router1(config-if)# encapsulation dot1q 100
    Router1(config-if)# exit
    Router1(config)#

    Router2# configure terminal
    Router2(config",COMPLETED,"Router1# configure terminal
Router1(config)# interface gigabitethernet 0/1
Router1(config-if)# ip address 10.0.12.1 255.255.255.0
Router1(config-if)# encapsulation dot1q 100
Router1(config-if)# no shutdown
Router1(config-if)# exit
Router1(config)##

Router2# configure terminal
Router2(config)# interface gigabitethernet 0/0
Router2(config-if)# ip address 10.0.12.2 255.255.255.0
Router2(config-if)# encapsulation dot1q 100
Router2(config-if)# no shutdown
Router2(config-if)# exit
Router2(config)##","{
  ""action"": ""COMPLETED"",
  ""completed_answer"": ""    \nRouter1# configure terminal\nRouter1(config)# interface gigabitethernet 0/1\nRouter1(config-if)# ip address 10.0.12.1 255.255.255.0\nRouter1(config-if)# encapsulation dot1q 100\nRouter1(config-if)# no shutdown\nRouter1(config-if)# exit\nRouter1(config)##\n\nRouter2# configure terminal\nRouter2(config)# interface gigabitethernet 0/0\nRouter2(config-if)# ip address 10.0.12.2 255.255.255.0\nRouter2(config-if)# encapsulation dot1q 100\nRouter2(config-if)# no shutdown\nRouter2(config-if)# exit\nRouter2(config)##""
}"
Enable interfaces giga0/2 on Router1 and Router4,"    ```
    Router1# configure terminal
    Router1(config)# interface gigabitethernet ",COMPLETED,"Router1# configure terminal
Router1(config)# interface gigabitethernet 0/2
Router1(config-if)# no shutdown
Router1(config-if)# exit
Router1(config)# interface gigabitethernet 0/2
Router1(config-if)# no shutdown
Router1(config-if)# exit
Router1(config)# exit
Router1# configure terminal
Router1(config)# interface gigabitethernet 0/0
Router1(config-if)# no shutdown
Router1(config-if)# exit
Router1(config)# exit
Router1# configure terminal
Router1(config)# interface gigabitethernet 0/2
Router1(config-if)# no shutdown
Router1(config-if)# exit
Router1(config)# exit","{
  ""action"": ""COMPLETED"",
  ""completed_answer"": ""    Router1# configure terminal\nRouter1(config)# interface gigabitethernet 0/2\nRouter1(config-if)# no shutdown\nRouter1(config-if)# exit\nRouter1(config)# interface gigabitethernet 0/2\nRouter1(config-if)# no shutdown\nRouter1(config-if)# exit\nRouter1(config)# exit\nRouter1# configure terminal\nRouter1(config)# interface gigabitethernet 0/0\nRouter1(config-if)# no shutdown\nRouter1(config-if)# exit\nRouter1(config)# exit\nRouter1# configure terminal\nRouter1(config)# interface gigabitethernet 0/2\nRouter1(config-if)# no shutdown\nRouter1(config-if)# exit\nRouter1(config)# exit\n""
}"
Enable interfaces giga0/0 on Router2 and Router4,"    ```
    Router2# configure terminal
    Router2(config)# interface gigabitethernet 0/0
    Router2(config-if)# ip address 192.168.1.2 255.255.255.0
    Router2(config-if)# encapsulation dot1q 100
    Router2(config-if)# exit

    Router4# configure terminal
    Router4(config)# interface gigabitethernet ",COMPLETED,"Router2# configure terminal
Router2(config)# interface gigabitethernet 0/0
Router2(config-if)# ip address 192.168.1.2 255.255.255.0
Router2(config-if)# encapsulation dot1q 100
Router2(config-if)# no shutdown
Router2(config-if)# exit

Router4# configure terminal
Router4(config)# interface gigabitethernet 0/0
Router4(config-if)# ip address 192.168.1.3 255.255.255.0
Router4(config-if)# encapsulation dot1q 100
Router4(config-if)# no shutdown
Router4(config-if)# exit","{
  ""action"": ""COMPLETED"",
  ""completed_answer"": ""    \nRouter2# configure terminal\nRouter2(config)# interface gigabitethernet 0/0\nRouter2(config-if)# ip address 192.168.1.2 255.255.255.0\nRouter2(config-if)# encapsulation dot1q 100\nRouter2(config-if)# no shutdown\nRouter2(config-if)# exit\n\nRouter4# configure terminal\nRouter4(config)# interface gigabitethernet 0/0\nRouter4(config-if)# ip address 192.168.1.3 255.255.255.0\nRouter4(config-if)# encapsulation dot1q 100\nRouter4(config-if)# no shutdown\nRouter4(config-if)# exit""
}"
Enable interfaces giga0/1 on Router2 and Router1,"    ```
    Router2# configure terminal
    Router2(config)# interface gigabitethernet 0/1
    Router2(config-if)# ip address 192.168.1.2 255.255.255.0
    Router2(config-if)# bandwidth 1000000000
    Router2(config-if)# exit
    Router2(config)#

",COMPLETED,"Router2# configure terminal
Router2(config)# interface gigabitethernet 0/1
Router2(config-if)# ip address 192.168.1.2 255.255.255.0
Router2(config-if)# bandwidth 1000000000
Router2(config-if)# no shutdown
Router2(config-if)# exit
Router2(config)#

Router1# configure terminal
Router1(config)# interface gigabitethernet 0/1
Router1(config-if)# ip address 192.168.1.1 255.255.255.0
Router1(config-if)# bandwidth 1000000000
Router1(config-if)# no shutdown
Router1(config-if)# exit
Router1(config)#","{
  ""action"": ""COMPLETED"",
  ""completed_answer"": ""    \nRouter2# configure terminal\nRouter2(config)# interface gigabitethernet 0/1\nRouter2(config-if)# ip address 192.168.1.2 255.255.255.0\nRouter2(config-if)# bandwidth 1000000000\nRouter2(config-if)# no shutdown\nRouter2(config-if)# exit\nRouter2(config)#\n\nRouter1# configure terminal\nRouter1(config)# interface gigabitethernet 0/1\nRouter1(config-if)# ip address 192.168.1.1 255.255.255.0\nRouter1(config-if)# bandwidth 1000000000\nRouter1(config-if)# no shutdown\nRouter1(config-if)# exit\nRouter1(config)#""
}"
Enable interfaces giga0/2 on Router2 and Router3,"    ```
    Router2# configure terminal
    Router2(config)# interface gigabitethernet 0/2
    Router2(config-if)# ip address 192.168.1.2 255.255.255.0
    Router2(config-if)# no shutdown
    Router2(config-if)# exit
    Router2(config)# ip routing

    Router3# configure terminal
    Router3(config)# interface gigabitether",COMPLETED,"Router2# configure terminal
Router2(config)# interface gigabitethernet 0/2
Router2(config-if)# ip address 192.168.1.2 255.255.255.0
Router2(config-if)# no shutdown
Router2(config-if)# exit
Router2(config)# ip routing

Router3# configure terminal
Router3(config)# interface gigabitethernet 0/2
Router3(config-if)# ip address 192.168.1.3 255.255.255.0
Router3(config-if)# no shutdown
Router3(config-if)# exit
Router3(config)# ip routing","{
  ""action"": ""COMPLETED"",
  ""completed_answer"": ""    \nRouter2# configure terminal\nRouter2(config)# interface gigabitethernet 0/2\nRouter2(config-if)# ip address 192.168.1.2 255.255.255.0\nRouter2(config-if)# no shutdown\nRouter2(config-if)# exit\nRouter2(config)# ip routing\n\nRouter3# configure terminal\nRouter3(config)# interface gigabitethernet 0/2\nRouter3(config-if)# ip address 192.168.1.3 255.255.255.0\nRouter3(config-if)# no shutdown\nRouter3(config-if)# exit\nRouter3(config)# ip routing""
}"
Enable interfaces giga0/0 on Router3 and Router4,"    ```
    Router3# configure terminal
    Router3(config)# interface gigabitethernet 0/0
    Router3(config-if)# ip address 192.168.1.3 255.255.255.0
    Router3(config-",COMPLETED,"Router3# configure terminal
Router3(config)# interface gigabitethernet 0/0
Router3(config-if)# ip address 192.168.1.3 255.255.255.0
Router3(config-if)# no shutdown
Router3(config-if)# exit
Router3(config)# interface gigabitethernet 0/1
Router3(config-if)# no shutdown
Router3(config-if)# exit
Router3(config)#
Router4# configure terminal
Router4(config)# interface gigabitethernet 0/0
Router4(config-if)# ip address 192.168.1.4 255.255.255.0
Router4(config-if)# no shutdown
Router4(config-if)# exit
Router4(config)# interface gigabitethernet 0/1
Router4(config-if)# no shutdown
Router4(config-if)# exit
Router4(config)#","{
  ""action"": ""COMPLETED"",
  ""completed_answer"": ""Router3# configure terminal\nRouter3(config)# interface gigabitethernet 0/0\nRouter3(config-if)# ip address 192.168.1.3 255.255.255.0\nRouter3(config-if)# no shutdown\nRouter3(config-if)# exit\nRouter3(config)# interface gigabitethernet 0/1\nRouter3(config-if)# no shutdown\nRouter3(config-if)# exit\nRouter3(config)#\nRouter4# configure terminal\nRouter4(config)# interface gigabitethernet 0/0\nRouter4(config-if)# ip address 192.168.1.4 255.255.255.0\nRouter4(config-if)# no shutdown\nRouter4(config-if)# exit\nRouter4(config)# interface gigabitethernet 0/1\nRouter4(config-if)# no shutdown\nRouter4(config-if)# exit\nRouter4(config)#""
}"
Enable interfaces giga0/1 on Router3 and Router2,"    ```
    Router3# configure terminal
    Router3(config)# interface GigabitEthernet0/1
    Router3(config-if)# ip address 192.168.1.3 255.255.255.0
    Router3(config-if)# bandwidth 1000000000
    Router3(config-if)# exit

    Router2# configure terminal
",COMPLETED,"Router3# configure terminal
    Router3(config)# interface GigabitEthernet0/1
    Router3(config-if)# ip address 192.168.1.3 255.255.255.0
    Router3(config-if)# bandwidth 1000000000
    Router3(config-if)# no shutdown
    Router3(config-if)# exit

    Router2# configure terminal
    Router2(config)# interface GigabitEthernet0/1
    Router2(config-if)# ip address 192.168.1.2 255.255.255.0
    Router2(config-if)# bandwidth 1000000000
    Router2(config-if)# no shutdown
    Router2(config-if)# exit","{
  ""action"": ""COMPLETED"",
  ""completed_answer"": ""    Router3# configure terminal\n    Router3(config)# interface GigabitEthernet0/1\n    Router3(config-if)# ip address 192.168.1.3 255.255.255.0\n    Router3(config-if)# bandwidth 1000000000\n    Router3(config-if)# no shutdown\n    Router3(config-if)# exit\n\n    Router2# configure terminal\n    Router2(config)# interface GigabitEthernet0/1\n    Router2(config-if)# ip address 192.168.1.2 255.255.255.0\n    Router2(config-if)# bandwidth 1000000000\n    Router2(config-if)# no shutdown\n    Router2(config-if)# exit\n""
}"
Enable interfaces giga0/2 on Router3 and Router1,"    ```
    Router3# configure terminal
    Router3(config)# interface gigabitethernet 0/2
    Router3(config-if)# ip address 10.1.1.100 255.255.",COMPLETED,"Router3# configure terminal
Router3(config)# interface gigabitethernet 0/2
Router3(config-if)# ip address 10.0.2.1 255.255.255.0
Router3(config-if)# no shutdown
Router3(config-if)# exit
Router3(config)# exit
Router3# configure terminal
Router3(config)# interface gigabitethernet 0/0
Router3(config-if)# no shutdown
Router3(config-if)# exit
Router3(config)# exit
Router1# configure terminal
Router1(config)# interface gigabitethernet 0/2
Router1(config-if)# ip address 10.0.14.1 255.255.255.0
Router1(config-if)# no shutdown
Router1(config-if)# exit
Router1(config)# exit","{
  ""action"": ""COMPLETED"",
  ""completed_answer"": ""Router3# configure terminal\nRouter3(config)# interface gigabitethernet 0/2\nRouter3(config-if)# ip address 10.0.2.1 255.255.255.0\nRouter3(config-if)# no shutdown\nRouter3(config-if)# exit\nRouter3(config)# exit\nRouter3# configure terminal\nRouter3(config)# interface gigabitethernet 0/0\nRouter3(config-if)# no shutdown\nRouter3(config-if)# exit\nRouter3(config)# exit\nRouter1# configure terminal\nRouter1(config)# interface gigabitethernet 0/2\nRouter1(config-if)# ip address 10.0.14.1 255.255.255.0\nRouter1(config-if)# no shutdown\nRouter1(config-if)# exit\nRouter1(config)# exit""
}"
Enable interfaces giga0/0 on Router4 and Router2,"    ```
    Router4# configure terminal
    Router4(config)# interface gigabitethernet 0/0
    Router4(config-if)# ip address 10.1.1.4 255.255.255.0
    Router4(config-if)# bandwidth 1000000000
    Router4(config-if)# exit
    Router4#

    Router2# configure",COMPLETED,"Router4# configure terminal
Router4(config)# interface gigabitethernet 0/0
Router4(config-if)# ip address 10.0.14.2 255.255.255.0
Router4(config-if)# bandwidth 1000000000
Router4(config-if)# no shutdown
Router4(config-if)# exit
Router4# 

Router2# configure terminal
Router2(config)# interface gigabitethernet 0/0
Router2(config-if)# ip address 10.0.12.2 255.255.255.0
Router2(config-if)# bandwidth 1000000000
Router2(config-if)# no shutdown
Router2(config-if)# exit
Router2#","{
  ""action"": ""COMPLETED"",
  ""completed_answer"": ""    \nRouter4# configure terminal\nRouter4(config)# interface gigabitethernet 0/0\nRouter4(config-if)# ip address 10.0.14.2 255.255.255.0\nRouter4(config-if)# bandwidth 1000000000\nRouter4(config-if)# no shutdown\nRouter4(config-if)# exit\nRouter4# \n\nRouter2# configure terminal\nRouter2(config)# interface gigabitethernet 0/0\nRouter2(config-if)# ip address 10.0.12.2 255.255.255.0\nRouter2(config-if)# bandwidth 1000000000\nRouter2(config-if)# no shutdown\nRouter2(config-if)# exit\nRouter2# ""
}"
Enable interfaces giga0/1 on Router4 and Router3,"    ```
    Router4# configure terminal
    Router4(config)# interface gigabitethernet 0/1
    Router4(config-if)# ip address 10.1.1.4 255.255.255.0
    Router4(config-if)# bandwidth 1000000000
    Router3# configure terminal
    Router3(config)# interface gigabitethernet 0/",COMPLETED,"Router4# configure terminal
    Router4(config)# interface gigabitethernet 0/1
    Router4(config-if)# ip address 10.1.1.4 255.255.255.0
    Router4(config-if)# bandwidth 1000000000
    Router3# configure terminal
    Router3(config)# interface gigabitethernet 0/1
    Router3(config-if)# ip address 10.1.1.3 255.255.255.0
    Router3(config-if)# bandwidth 1000000000","{
  ""action"": ""COMPLETED"",
  ""completed_answer"": ""    Router4# configure terminal\n    Router4(config)# interface gigabitethernet 0/1\n    Router4(config-if)# ip address 10.1.1.4 255.255.255.0\n    Router4(config-if)# bandwidth 1000000000\n    Router3# configure terminal\n    Router3(config)# interface gigabitethernet 0/1\n    Router3(config-if)# ip address 10.1.1.3 255.255.255.0\n    Router3(config-if)# bandwidth 1000000000""
}"
Enable interfaces giga0/2 on Router4 and Router1,"    ```
    Router4# configure terminal
    Router4(config)# interface gigabitethernet 0/2
    Router4(config-if)# ip address 192.168.1.100 255.255.255.0
    Router4(config-if)# no shutdown
    Router4(config-if)# exit
    Router4(config)# ip routing

    Router10# configure terminal
    Router10(config)#",COMPLETED,"Router4# configure terminal
Router4(config)# interface gigabitethernet 0/2
Router4(config-if)# ip address 192.168.1.100 255.255.255.0
Router4(config-if)# no shutdown
Router4(config-if)# exit
Router4(config)# ip routing

Router1# configure terminal
Router1(config)# interface gigabitethernet 0/2
Router1(config-if)# ip address 192.168.1.1 255.255.255.0
Router1(config-if)# no shutdown
Router1(config-if)# exit
Router1(config)# ip routing","{
  ""action"": ""COMPLETED"",
  ""completed_answer"": ""    \nRouter4# configure terminal\nRouter4(config)# interface gigabitethernet 0/2\nRouter4(config-if)# ip address 192.168.1.100 255.255.255.0\nRouter4(config-if)# no shutdown\nRouter4(config-if)# exit\nRouter4(config)# ip routing\n\nRouter1# configure terminal\nRouter1(config)# interface gigabitethernet 0/2\nRouter1(config-if)# ip address 192.168.1.1 255.255.255.0\nRouter1(config-if)# no shutdown\nRouter1(config-if)# exit\nRouter1(config)# ip routing""
}"
Configure routing protocol between Router1 and Router2,"    ```
    Router1# configure terminal
    Router1(config)# router ospfv3 1
    Router1(config-router)# network 10.1.1.0/24 area 0
    Router1(config-router",NO_CODE,NO_CODE,"{
  ""action"": ""NO_CODE"",
  ""completed_answer"": ""NO_CODE""
}"
Configure routing protocol between Router1 and Router3,"    ```
    Router1# configure terminal
    Router1(config)# router ospfv3 1
    Router1(config-router)# network 192.168.1.0/24 area 0
    Router1(config-router)# cost 10
    Router1(config-router",NO_CODE,NO_CODE,"{
  ""action"": ""NO_CODE"",
  ""completed_answer"": ""NO_CODE""
}"
Configure routing protocol between Router1 and Router4,"    ```
    Router1# configure terminal
    Router1(config)# router ospfv3 1
    Router1(config-router)# area 0
    Router1(config-router)# interface Ethernet0/0
    Router1(config-if)# ipv6 address 2001:DB8:1::1/64
    Router1(config-if)# ipv6 ospf 1 area 0
    Router1(config-if)# exit
    R",COMPLETED,"Router1# configure terminal
Router1(config)# router ospfv3 1
Router1(config-router)# area 0
Router1(config-router)# interface Ethernet0/0
Router1(config-if)# ipv6 address 2001:DB8:1::1/64
Router1(config-if)# ipv6 ospf 1 area 0
Router1(config-if)# exit
Router1(config-router)# interface Ethernet0/2
Router1(config-if)# ipv6 address 2001:DB8:14::1/64
Router1(config-if)# ipv6 ospf 1 area 0
Router1(config-if)# exit","{
  ""action"": ""COMPLETED"",
  ""completed_answer"": ""Router1# configure terminal\nRouter1(config)# router ospfv3 1\nRouter1(config-router)# area 0\nRouter1(config-router)# interface Ethernet0/0\nRouter1(config-if)# ipv6 address 2001:DB8:1::1/64\nRouter1(config-if)# ipv6 ospf 1 area 0\nRouter1(config-if)# exit\nRouter1(config-router)# interface Ethernet0/2\nRouter1(config-if)# ipv6 address 2001:DB8:14::1/64\nRouter1(config-if)# ipv6 ospf 1 area 0\nRouter1(config-if)# exit\n""
}"
Configure routing protocol between Router2 and Router4,"    ```
    Router2# configure terminal
    Router2(config)# router ospfv3 1
    Router2(config-router)# network 192.168.1.0/24 area 0
    Router2(config-router)# priority 100
   ",NO_CODE,NO_CODE,"{
  ""action"": ""NO_CODE"",
  ""completed_answer"": ""NO_CODE""
}"
Configure routing protocol between Router2 and Router3,"    ```
    Router2# configure terminal
    Router2(config)# router ospfv3 1
    Router2(config-router)# network 2001:db8:12",NO_CODE,NO_CODE,"{
  ""action"": ""NO_CODE"",
  ""completed_answer"": ""NO_CODE""
}"
Configure routing protocol between Router3 and Router4,"    ```cisco
    Router3# configure terminal
    Router3(config)# router ospfv3 1
    Router3(config-router)# area 0
    Router3(config-router)# interface Ethernet 0/0
    Router3(config-if)# ipv6 address 2001:DB8:1::1/64",NO_CODE,NO_CODE,"{
  ""action"": ""NO_CODE"",
  ""completed_answer"": ""NO_CODE""
}"
Configure static route on Router1 for network 50.0.0.0/24,"
    ```cisco
    Router1# configure terminal
    Router1(config)# ip route 50.0.0.0 255.255.0.0 10.1.1.1
    ```",COMPLETED,"Router1# configure terminal
Router1(config)# ip route 50.0.0.0 255.255.255.0 10.0.14.2","{
  ""action"": ""COMPLETED"",
  ""completed_answer"": ""Router1# configure terminal\nRouter1(config)# ip route 50.0.0.0 255.255.255.0 10.0.14.2""
}"
Configure static route on Router2 for network 30.0.0.0/24,"    ```
    Router2# configure terminal
    Router2(config)# ip route 30.0.0.0 255.255.0.0 192.168.1.1
    ```",COMPLETED,"Router2# configure terminal
Router2(config)# ip route 30.0.0.0 255.255.255.0 10.0.12.1","{
  ""action"": ""COMPLETED"",
  ""completed_answer"": ""Router2# configure terminal\nRouter2(config)# ip route 30.0.0.0 255.255.255.0 10.0.12.1""
}"
Configure static route on Router3 for network 40.0.0.0/24,"    ~~~Router3~~~~
    Router3# configure terminal
    Router3(config)# ip route 40.0.0.0 25",COMPLETED,"~~~Router3~~~~
Router3# configure terminal
Router3(config)# ip route 40.0.0.0 255.255.255.0 10.0.23.1","{
  ""action"": ""COMPLETED"",
  ""completed_answer"": ""~~~Router3~~~~\nRouter3# configure terminal\nRouter3(config)# ip route 40.0.0.0 255.255.255.0 10.0.23.1""
}"
Configure static route on Router4 for network 20.0.0.0/24,"    ```
    Router4(config)# ip route 20.0.0.0 255.255.255.0 192.168.1.1
    ```",COMPLETED,Router4(config)# ip route 20.0.0.0 255.255.255.0 192.168.1.1,"{
  ""action"": ""COMPLETED"",
  ""completed_answer"": ""Router4(config)# ip route 20.0.0.0 255.255.255.0 192.168.1.1""
}"
Allow ICMP traffic from Router1 to Router4,"    ```
    Router1# configure terminal
    Router1(config)# ip access-list extended ICMP-ALLOW
    Router1(config-ext-nacl)# permit icmp any Router4
    Router1(config-ext-nacl)# exit
    Router1(config)# ip access-list extended ICMP-DENY
    Router1(config-ext-nacl)# deny icmp any any
    Router1(config-ext-nacl)# exit
    Router1(config)# ip access-group ICMP-",COMPLETED,"Router1# configure terminal
Router1(config)# ip access-list extended ICMP-ALLOW
Router1(config-ext-nacl)# permit icmp any host 10.0.14.2
Router1(config-ext-nacl)# exit
Router1(config)# ip access-list extended ICMP-DENY
Router1(config-ext-nacl)# deny icmp any any
Router1(config-ext-nacl)# exit
Router1(config)# interface Ethernet0/2
Router1(config-if)# ip access-group ICMP-ALLOW out
Router1(config-if)# exit","{
  ""action"": ""COMPLETED"",
  ""completed_answer"": ""Router1# configure terminal\nRouter1(config)# ip access-list extended ICMP-ALLOW\nRouter1(config-ext-nacl)# permit icmp any host 10.0.14.2\nRouter1(config-ext-nacl)# exit\nRouter1(config)# ip access-list extended ICMP-DENY\nRouter1(config-ext-nacl)# deny icmp any any\nRouter1(config-ext-nacl)# exit\nRouter1(config)# interface Ethernet0/2\nRouter1(config-if)# ip access-group ICMP-ALLOW out\nRouter1(config-if)# exit""
}"
Permit SNMP traps from Router3 to Management Network,"    ```cisco
    Router3# configure terminal
    Router3(config)# snmp-server enable traps
    Router3(config)# snmp-server host 10.1.1.0 161
    Router3(config)# snmp-server trap-source Loopback0
    Router3(config)# snmp-server trap-group 10.1.1.0
    Router3(config)# exit
    ```",COMPLETED,"Router3# configure terminal
Router3(config)# snmp-server enable traps
Router3(config)# snmp-server host 10.0.2.10 version 2c public
Router3(config)# snmp-server trap-source Ethernet0/2
Router3(config)# exit","{
  ""action"": ""COMPLETED"",
  ""completed_answer"": ""Router3# configure terminal\nRouter3(config)# snmp-server enable traps\nRouter3(config)# snmp-server host 10.0.2.10 version 2c public\nRouter3(config)# snmp-server trap-source Ethernet0/2\nRouter3(config)# exit""
}"
Deny Telnet traffic from WAN to LAN on Router4,"
    ```
    Router4(config)# access-list 101 deny tcp any any eq 23
    Router4(config)# interface FastEthernet0/0
    Router4(config-if)# ip access-group 101 in
    ```",COMPLETED,"Router4(config)# access-list 101 deny tcp any any eq 23
Router4(config)# interface Ethernet0/1
Router4(config-if)# ip access-group 101 in","{
  ""action"": ""COMPLETED"",
  ""completed_answer"": ""Router4(config)# access-list 101 deny tcp any any eq 23\nRouter4(config)# interface Ethernet0/1\nRouter4(config-if)# ip access-group 101 in\n""
}"
Allow SSH traffic from WAN to Router3,"    ```
    Router3# configure terminal
    Router3(config)# ip ssh source-interface WAN
    Router3(config)# exit

    Router4# configure terminal
    Router4(config)# ip ssh source-interface WAN
    Router4(config)# exit

    Router1# configure terminal
    Router1(config)# ip ssh source-interface LAN
    Router1(config)# exit

    Router2# configure terminal
    Router2(config)# ip ssh",COMPLETED,"Router3# configure terminal
Router3(config)# ip ssh source-interface Ethernet0/2
Router3(config)# exit","{
  ""action"": ""COMPLETED"",
  ""completed_answer"": ""Router3# configure terminal\nRouter3(config)# ip ssh source-interface Ethernet0/2\nRouter3(config)# exit""
}"
Permit HTTP traffic from Router2 to Router1,"    ```
    Router1# configure terminal
    Router1(config)# ip access-list extended HTTP_ALLOW
    Router1(config-ext-nacl)# permit tcp any any eq 80
    Router1(config-ext-nacl)# exit
    Router1(config)# interface fastethernet 0/1
    Router1(config-if)# ip address 192.168.1.1 255.255.255.0
    Router1(config-if)# exit
    Router1",COMPLETED,"Router1# configure terminal
Router1(config)# ip access-list extended HTTP_ALLOW
Router1(config-ext-nacl)# permit tcp any eq 80 host 10.0.12.2
Router1(config-ext-nacl)# exit
Router1(config)# interface fastethernet 0/1
Router1(config-if)# ip address 10.0.12.1 255.255.255.0
Router1(config-if)# exit
Router1","{
  ""action"": ""COMPLETED"",
  ""completed_answer"": ""Router1# configure terminal\nRouter1(config)# ip access-list extended HTTP_ALLOW\nRouter1(config-ext-nacl)# permit tcp any eq 80 host 10.0.12.2\nRouter1(config-ext-nacl)# exit\nRouter1(config)# interface fastethernet 0/1\nRouter1(config-if)# ip address 10.0.12.1 255.255.255.0\nRouter1(config-if)# exit\nRouter1""
}"
Deny ICMP traffic from Router4 to Router2,"
    ~~~Router4~~~~
    access-list 101 deny icmp any any
    ~~~Router2~~~~
    access-list 101 permit icmp any any",COMPLETED,"~~~Router4~~~~
    access-list 101 deny icmp any any
    interface Ethernet0/0
     ip access-group 101 in
    !
    interface Ethernet0/1
     ip access-group 101 in
    !
    interface Ethernet0/2
     ip access-group 101 in
    ~~~Router2~~~~
    access-list 101 permit icmp any any","{
  ""action"": ""COMPLETED"",
  ""completed_answer"": ""    ~~~Router4~~~~\n    access-list 101 deny icmp any any\n    interface Ethernet0/0\n     ip access-group 101 in\n    !\n    interface Ethernet0/1\n     ip access-group 101 in\n    !\n    interface Ethernet0/2\n     ip access-group 101 in\n    ~~~Router2~~~~\n    access-list 101 permit icmp any any""
}"
Allow FTP traffic from LAN to WAN on Router2,"    ```
    Router2# configure terminal
    Router2(config)# ip access-list extended FTP_ALLOW
    Router2(config-ext-nacl)# permit tcp any 192.168.1.0 0.0.0.255 eq 21
    Router2(config-ext-nacl)# permit tcp any 10.0.0.0 0.0.0.255 eq 21
    Router2(config-ext-nacl)# deny ip any any",COMPLETED,"Router2# configure terminal
Router2(config)# ip access-list extended FTP_ALLOW
Router2(config-ext-nacl)# permit tcp any 192.168.1.0 0.0.0.255 eq 21
Router2(config-ext-nacl)# permit tcp 10.0.1.0 0.0.0.255 10.0.23.0 0.0.0.255 eq 21
Router2(config-ext-nacl)# deny ip any any","{
  ""action"": ""COMPLETED"",
  ""completed_answer"": ""Router2# configure terminal\nRouter2(config)# ip access-list extended FTP_ALLOW\nRouter2(config-ext-nacl)# permit tcp any 192.168.1.0 0.0.0.255 eq 21\nRouter2(config-ext-nacl)# permit tcp 10.0.1.0 0.0.0.255 10.0.23.0 0.0.0.255 eq 21\nRouter2(config-ext-nacl)# deny ip any any""
}"
Permit ICMP traffic from WAN to LAN on Router1,"    ```
    Router1# configure terminal
    Router1(config)# ip access-list standard WAN_to_LAN
    Router1(config-std-acl)# permit icmp any any
    Router1(config-std-acl)# exit
    Router1(config)# interface FastEthernet0/0
    Router1(config-if)# ip access-group WAN_to_LAN in
    Router1(config-if)# exit
    ```",COMPLETED,"Router1# configure terminal
Router1(config)# ip access-list standard WAN_to_LAN
Router1(config-std-acl)# permit icmp any 10.0.14.0 0.0.0.255
Router1(config-std-acl)# exit
Router1(config)# interface Ethernet0/2
Router1(config-if)# ip access-group WAN_to_LAN in
Router1(config-if)# exit","{
  ""action"": ""COMPLETED"",
  ""completed_answer"": ""Router1# configure terminal\nRouter1(config)# ip access-list standard WAN_to_LAN\nRouter1(config-std-acl)# permit icmp any 10.0.14.0 0.0.0.255\nRouter1(config-std-acl)# exit\nRouter1(config)# interface Ethernet0/2\nRouter1(config-if)# ip access-group WAN_to_LAN in\nRouter1(config-if)# exit""
}"
Deny DNS traffic from Router1 LAN to Router2 LAN,"
   ```cisco
    ~~~Router1~~~~
    ip access-list extended DENY_DNS
      deny udp any any eq domain
    !
    interface fastethernet 0/0
      ip address 192.168.1.1 255.255.255.0
      ip access-group DENY_DNS in
    !
    ~~~Router2~~~~
    ip access-list extended DENY_DNS
      deny udp any any eq domain
    !
    interface fastethernet 0/0
      ip address",COMPLETED,"~~~Router1~~~~
    ip access-list extended DENY_DNS
      deny udp any any eq domain
    !
    interface fastethernet 0/1
      ip address 10.0.12.1 255.255.255.0
      ip access-group DENY_DNS in
    !
    ~~~Router2~~~~
    ip access-list extended DENY_DNS
      deny udp any any eq domain
    !
    interface fastethernet 0/0
      ip address 10.0.12.2 255.255.255.0
      ip access-group DENY_DNS out
    !","{
  ""action"": ""COMPLETED"",
  ""completed_answer"": ""   ```cisco\n    ~~~Router1~~~~\n    ip access-list extended DENY_DNS\n      deny udp any any eq domain\n    !\n    interface fastethernet 0/1\n      ip address 10.0.12.1 255.255.255.0\n      ip access-group DENY_DNS in\n    !\n    ~~~Router2~~~~\n    ip access-list extended DENY_DNS\n      deny udp any any eq domain\n    !\n    interface fastethernet 0/0\n      ip address 10.0.12.2 255.255.255.0\n      ip access-group DENY_DNS out\n    !\n   ```""
}"
Allow SMTP traffic from LAN to WAN on Router4,"    ```
    Router4# configure terminal
    Router4(config)# interface FastEthernet0/0
    Router4(config-if)# ip address 192.168.1.1 255.255.255.0
    Router4(config-if)# ip access-list extended ALLOW_SMTP
    Router4(config-if-acl)# permit tcp any any eq 25
    Router4(config-if-acl)# exit
    Router4(config-if)# ip access-group ALLOW_SM",COMPLETED,"Router4# configure terminal
Router4(config)# interface FastEthernet0/0
Router4(config-if)# ip address 192.168.1.1 255.255.255.0
Router4(config-if)# exit
Router4(config)# ip access-list extended ALLOW_SMTP
Router4(config-exclude)# permit tcp any eq 25 any
Router4(config-exclude)# exit
Router4(config)# interface Ethernet0/1
Router4(config-if)# ip access-group ALLOW_SMTP out
Router4(config-if)# end","{
  ""action"": ""COMPLETED"",
  ""completed_answer"": ""Router4# configure terminal\nRouter4(config)# interface FastEthernet0/0\nRouter4(config-if)# ip address 192.168.1.1 255.255.255.0\nRouter4(config-if)# exit\nRouter4(config)# ip access-list extended ALLOW_SMTP\nRouter4(config-exclude)# permit tcp any eq 25 any\nRouter4(config-exclude)# exit\nRouter4(config)# interface Ethernet0/1\nRouter4(config-if)# ip access-group ALLOW_SMTP out\nRouter4(config-if)# end""
}"
Permit SSH traffic from Management Network to all routers,"    ```
    Router(config)# ip ssh management-network
    Router(config)# ip ssh permit-from management-network
    Router(config)# ip ssh permit-to all
    ```",NO_CODE,NO_CODE,"{
  ""action"": ""NO_CODE"",
  ""completed_answer"": ""NO_CODE""
}"
