question,answer,category,confidence,reason
"What type of authentication do we need to implement on neighbor routers in routing updates, considering security concerns?","To ensure secure key exchange between neighbor routers in routing updates, we need to implement Key-based authentication.

Cisco IOS Code:
neighbor ip-addr authenticaton md5 [message-digest hash]

Example:
```
router(config-router)#neighbor 192.168.1.100 authentication md5
router(config-router)#neighbor 192.168.1.101 authentication message-digest hash
```",SECURITY,0.95,Authentication on neighbor routers involves security protocols.
How can I configure the percentile option for IP SLAs operations?,"To configure the percentile option for IP SLAs operations, you can use the ""show ip sla configuration"" command to display configuration values and defaults for all IP SLAs operations or a specified operation. To do this, follow these steps:

Router# show ip sla configuration

This will display the current configuration of your IP SLAs operations.

To configure the percentile option, you need to specify the percentile value as an argument to the ""ip sla operation-profile"" command. The syntax for this command is:

Router(config)# ip sla operation-profile <operation-name> percentile <percentile-value>

For example:

Router(config)# ip sla operation-profile my-op percentile 90

This sets the percentile value to 90 for the IP SLAs operation named ""my-op"".

Note that you can also use the ""show ip sla configuration"" command to verify the configured percentile value.

**Example:**

Router# show ip sla configuration
Operation profile: my-op
Percentile: 90

In this example, the percentile value is set to 90 for the IP SLAs operation named ""my-op"".",MONITORING,0.95,The question is about IP SLA configuration.
What is the primary purpose of configuring NAT in an IP network?,"The primary purpose of configuring NAT (Network Address Translation) is to enable private IP internetworks that use non-registered IP addresses to connect to the Internet, while conserving global IP address space. As per the configuration, NAT translates private addresses in the internal network into legal addresses and can be configured to advertise only one address to the outside world, effectively hiding the entire internal network behind that one address.

Example Cisco IOS command:

ip nat inside source static 192.168.1.0 198.51.100.1

This command configures a static NAT translation from private IP address 192.168.1.0 in the internal network to public IP address 198.51.100.1 on the Internet.",CONNECTIVITY,0.95,NAT is mainly used for IP address translation and conservation.
What is the TCP connection timeout period set in this configuration?,"In this configuration, the TCP connection timeout period is set to 30 seconds with the command `tcp synwait-time 30`. This means that any SYN packets that are received by the router will be held in the queue for a maximum of 30 seconds before being timed out.

Example Cisco IOS code:
```
Router(config)# tcp synwait-time 30
```",GENERAL,0.95,The question is about a specific configuration parameter.
How can we monitor and classify traffic by the published application name using Server Browser Mode on the master browser?,"To monitor and classify traffic by the published application name, you can use NBAR (Network Based Application Recognition) with the following configuration:
```
match protocol citrix app <application-name-string>
```
This command uses a regular expression search on the packet contents to identify traffic related to the specified application. The `app` keyword is used to specify the application name, and the `<application-name-string>` argument should be replaced with the actual application name you want to monitor.

Example:
```
match protocol citrix app ""Citrix HDX""
```
This configuration will allow NBAR to track and monitor traffic related to Citrix HDX applications.",MONITORING,0.95,Question is about monitoring and classifying traffic
What is the command sequence to replace MQC Command Sequence with MQC traffic shaping for non-FECN/BECN in Cisco IOS?,"To replace MQC Command Sequence with MQC traffic shaping for non-FECN/BECN, you can use the following command sequence:

Router(config)# policy-map policy-map-name
Router(config-pmap)# class class-default
Router(config-pmap-c)# shape average 10000

In this example, ""policy-map"" is the name of the policy map, ""class-default"" is the default class within the policy map, and ""shape average 10000"" sets the traffic shaping rate to an average of 10,000 kilobits per second.

Note: The actual command sequence may vary depending on your specific network configuration.",QOS,0.95,The question is about replacing a command sequence with MQC traffic shaping.
What steps can you take to configure VXLAN HA on multicast mode for VXLAN-MCLAG active-active high availability support?,"To configure VXLAN HA on multicast mode for VXLAN-MCLAG active-active high availability support, follow these steps:

1. Enable multicast routing with the command:
```
Router(config)# ip multicast-routing distributed
```

2. Enable PIM bidirectional mode with the command:
```
Router(config)# ip pim bidir-enable
```

3. Set the PIM rendezvous point (RP) address with the command:
```
Router(config)# ip pim rp-address 4.4.4.4 bidir
```

4. Configure redundancy mode with the command:
```
Router(config)# redundancy mode sso
```

5. Define interchassis group with the command:
```
Router(config)# interchassis group 1
```

6. Enable Bidirectional Forwarding Detection (BFD) with the command:
```
Router(config)# monitor peer bfd
```

7. Set MLAG system priority with the command:
```
Router(config)# mlacp system-priority 200
```

8. Define MLAG node ID with the command:
```
Router(config)# mlacp node-id 0
```

9. Configure bridge domains and VXLANs with appropriate member interfaces and service instances.

Note: These commands are specific to Cisco IOS devices, and the exact syntax may vary depending on the platform and software version being used.",CONNECTIVITY,0.95,The question is mainly about configuring VXLAN for high availability.
What is the IP address of the management station that will receive SNMP traps?,"According to the configuration `snmp-server host 224.1.0.1 traps public`, the IP address of the management station is **224.1.0.1**.",MONITORING,0.95,SNMP traps are related to network monitoring
How can I display VRF-level policy firewall statistics?,"To display VRF-level policy firewall statistics, you can use the command `show policy-firewall stats vrf [vrf-pmap-name]`. For example:
```
Router# show policy-firewall stats vrf blue
```",SECURITY,0.95,The question is about firewall statistics.
"How do you configure PfRv3 on the hub-border router with the source interface, IP address of the hub-master controller, and the path name on external interfaces?","```
Router> enable
Router# configure terminal
Router(config)# source-interface loopback 0
Router(config)# master ip 192.168.1.1 local
Router(config)# exit
Router# exit
Router> exit

Router# interface tunnel-name
Router(config-if)# ip address 10.1.1.2 255.255.255.0
Router(config-if)#

Router(config)# vrf VRF-NAME border
Router(config-vrf)#
Router(config-vrf)# domain HUB-DOMAIN path PATH-NAME
Router(config-vrf)#
```

Note: Replace `HUB-DOMAIN` and `PATH-NAME` with the actual values required for your specific configuration.",ROUTING,0.95,PfRv3 is a routing feature related to performance routing.
What happens when none of the routers in the network have any interested receivers for a given multicast group address?,"When none of the routers in the network have any interested receivers for a given multicast group address, such as (192.168.1.2, 232.1.1.1), PIM-SSM will not create state for that multicast group. This is because the ip pim ssm default command configured globally on all routers ensures that no router will assume responsibility to join or maintain state for a given multicast group unless there are interested receivers in the network.

In other words, when there are no receivers interested in receiving traffic for a particular multicast group, PIM-SSM will not create any forwarding state for that group. This is achieved through the use of the ip pim ssm default command, which disables the creation of sparse-mode tree state unless there are interested receivers in the network.

```
Router(config)# do show ip pim ssm
PIM SSM Mapping:
  Default mapping enabled
```",ROUTING,0.95,The question is about multicast routing behavior.
How can we configure a priority entry for scheduling in an ASR 1000 Series Aggregation Services Router?,"To configure a priority entry for scheduling in an ASR 1000 Series Aggregation Services Router, you can use the `priority` command. Here's an example of how to do it:

```
Router(config)# schedule
Router(config-sch-map)# priority 
   min-burst 1000
   max-rate 50000
   excess-weight 10
   threshold 50
exit
```

In this example, the `priority` command is used to create a priority entry with a minimum burst size of 1000 bytes, maximum rate of 50,000 bits per second, and an excess weight of 10. The threshold value is set to 50.

This configuration will prioritize traffic based on its priority level, giving higher-priority traffic preferential treatment in the scheduling process.",GENERAL,0.95,The question is about configuring a specific feature on a particular router platform.
How can we configure the policer to take into account network congestion and mark packets differently for conforming and exceeding traffic?,"To achieve this, we can use a combination of policing and marking features in Cisco IOS. Here's an example configuration:
```cisco
Router(config)# class-map match-any congested-traffic
Router(config-class-map)# police 10000 3000 exceed-action drop
Router(config-class-map)# police-conform-action mark-down dscp 8
Router(config-class-map)# exit

Router(config)# policy-map congestion-control
Router(config-pmap)# class congested-traffic
Router(config-pmap-c)# set-dscp-transmit 8

Router(config-pmap-c)# exit

Router(config-pmap)# exit

Router(config)# interface fastethernet 0/1
Router(config-if)# service-policy input congestion-control
```
In this configuration:

* We define a class map `congested-traffic` that matches traffic that is congested.
* The police command sets the policer to drop packets that exceed the configured rate of 10,000 kbps with a burst size of 3,000 kbps.
* The police-conform-action command marks conforming packets with a DSCP value of 8.
* We define a policy map `congestion-control` that applies the policing and marking actions to traffic matching the class map.
* On the interface, we apply the service-policy input to enforce the congestion control policy.

This configuration ensures that traffic that exceeds the policer's rate is dropped, while conforming traffic is marked with a DSCP value of 8.",QOS,0.95,The question is about configuring a policer for traffic management.
What configuration command would you use to define an ISAKMP profile and audit IPsec user sessions?,"To define an ISAKMP profile and audit IPsec user sessions, you would use the following configuration command:

crypto isakmp profile profile-name [accounting aaalist]

For example:

Router(config)# crypto isakmp profile MY_PROFILE [accounting aaa-list]

This command defines a new ISAKMP profile named ""MY_PROFILE"" that audits IPsec user sessions using AAA accounting.",SECURITY,0.95,The question is about IPsec user sessions and ISAKMP profile configuration.
How can we enable Bidirectional Forwarding Detection (BFD) on an interface in Cisco IOS?,"To enable BFD on the interface, you can use the following command:
```
Device(config-if)# bfd interval 50 min_rx 50 multiplier 5
```
This command sets the BFD interval to 50 milliseconds, the minimum receive interval to 50 milliseconds, and the multiplier to 5.",MONITORING,0.95,BFD is a network protocol used for detecting faults in the network.
What is the purpose of commands 1 and 2 in configuring a class map for internet traffic and a policy map for private internet policy with stateful packet inspection?,"Command 1: ""Device(config)# class-map type inspect match-any internet-traffic-class""

This command configures a class map named ""internet-traffic-class"" that matches any packets matching the specified criteria. The ""match-any"" option allows the class map to match packets based on any of the specified conditions.

Command 2: ""Device(config)# policy-map type inspect private-internet-policy""

This command configures a policy map named ""private-internet-policy"" that applies stateful packet inspection to traffic matching the ""internet-traffic-class"" class map. This policy map will apply specific actions, such as firewall rules or quality of service (QoS) settings, to packets matching this class.

Example code:
```
Device(config)# class-map type inspect match-any internet-traffic-class
  match any

Device(config)# policy-map type inspect private-internet-policy
  class internet-traffic-class
    inspect pmap-fw
```",QOS,0.95,The question is about configuring class maps and policy maps.
What are the two new RADIUS attributes introduced by the RADIUS Tunnel Attribute Extensions feature on the Cisco ASR 1000 Series Aggregation Services Routers?,"The RADIUS Tunnel Attribute Extensions feature introduces RADIUS attribute 90 (Tunnel-Client-Auth-ID) and RADIUS attribute 91 (Tunnel-Server-Auth-ID). These attributes help support the provision of compulsory tunneling in virtual private networks (VPNs) by allowing the user to specify authentication names for the network access server (NAS) and the RADIUS server.

Example Cisco IOS code:
```
radius-server host 1.1.1.1 auth-port 1812 acct-port 1813
!
radius-server key my_secret_key
!
radius-server attribute 90 Tunnel-Client-Auth-ID
radius-server attribute 91 Tunnel-Server-Auth-ID
```",SECURITY,0.95,RADIUS attributes are related to authentication and authorization
How can you secure Telnet sessions for router configuration?,"To secure Telnet sessions for router configuration, you can use the AAA (Authentication, Authorization, and Accounting) feature of Cisco IOS. Specifically, you can configure AAA authentication to require a username and password before allowing access to the router's command-line interface (CLI).

Using the configuration ""aaa authentication login default enable"", you can achieve this level of security for your Telnet sessions.

Here's an example of how you might configure this in Cisco IOS:
```
aaa new-model
aaa authentication login default enable
ip telnet server
!
line vty 0 4
transport input none
login local
!
telnet server v2
!
```
This configuration enables AAA authentication for login and sets the Telnet server to require a username and password. The ""transport input none"" command disables the use of any transport protocols other than Telnet, and the ""login local"" command specifies that users must log in using their local usernames and passwords.",SECURITY,0.95,The question is about securing Telnet sessions.
What command is used to configure a VRF table and enter VRF configuration mode?,"Router(config)# ip vrf [vrf-name]

For example: Router(config)# ip vrf cisco (as shown in the given configuration)

This will allow you to create a routing and forwarding table for a VRF instance.",ROUTING,0.95,VRF configuration is related to routing tables and instances.
How can we ensure that non-OAM PDU frames are not sent to the CPU for software processing when two connected ports are in a loopback session?,"To achieve this requirement, you can use the ""oam pdp disable"" command under the loopback session configuration on Cisco devices. This command disables the reception of non-OAM PDUs at the MAC level, which ensures that no frames other than OAM PDUs are sent to the CPU for software processing.

Example:
Router(config)# loopback 1
Router(config-loopback)# oam pdp disable

This configuration will prevent non-OAM PDU frames from being processed by the CPU and instead loop them back at the MAC level or discard them, depending on the specific implementation.",MONITORING,0.95,The question is mainly about OAM and loopback sessions.
How can we configure our Network Access Server (NAS) to determine how a server provides AAA services?,"To configure the Network Access Server (NAS) to use access lists to determine how a server provides AAA services, you can use global AAA access lists. Here's an example of how you can do this in Cisco IOS:

```
aaa authentication login default group radius local
!
access-list 101 permit host 10.0.0.1 any
access-list 101 deny   any 192.168.1.0 0.0.0.255
!
ip access-group 101 out

This configuration defines a global AAA access list ""101"" that allows only the host 10.0.0.1 to authenticate and denies all other hosts on the network.

The first line of code enables AAA authentication for login using radius and local authentication methods.
The next lines define the access list, which specifies the hosts that are allowed to authenticate and those that are denied.
The final line applies this access list to the interface, so only hosts that match the access list can pass through the NAS.

By configuring global AAA access lists in this way, you can control how your NAS provides AAA services based on specific criteria, such as IP addresses or subnets. This helps ensure secure authentication and authorization for devices connecting to your network.""",SECURITY,0.95,The question is about configuring AAA services on a NAS.
What is required to support Stateful Switchover (SSO) and Nonstop Forwarding (NSF) in a Carrier Ethernet Virtual Connection (EVC) over a pseudowire?,"According to the configuration, SSO and NSF support in CFM require EVC state and associated customer VLAN information from the PE. This is achieved by configuring 802.3ah OAM for PEs and CEs, as well as remote UNI from CFM.

Here's a possible Cisco IOS code snippet:
```
Router(config)#  service instance 10 ethernet dot1q 100
Router(config-service)#  encapsulation dot1q 100
Router(config-service)#  bridge-domain 10

Router(config)#  mpls oam 
Router(config-mplsoam)#  pw-class evc_pwe3
Router(config-mplsoam-pwclass)#  stateful-switchover enable
Router(config-mplsoam-pwclass)#  nonstop-forwarding enable

Router(config)#  cfm
Router(config-cfm)#  remote-unintended-device-id 192.0.2.1
Router(config-cfm)#  vlan-based
```
Note that this is just an example code snippet, and actual configurations may vary depending on the specific network topology and requirements.",ROUTING,0.95,SSO and NSF are primarily related to routing protocols and high availability.
How do you configure Inside Static NAT with MPLS VPNs for the router?,"To configure Inside Static NAT with MPLS VPNs for the router, follow these steps:

1. Enable higher privilege levels:
```
enable
```

2. Enter global configuration mode:
```
config t
```

3. Configure inside static translation on the VRF (Virtual Routing and Forwarding) for each VPN being configured:
```
ip vrf <vpn-name>
  address-family ipv4
    route-target export <rt-export-num> <rt-export-ip>
    route-target import <rt-import-num> <rt-import-ip>
  !
  ip nat inside source static <inside-interface> <outside-interface> 
     translate 10.1.1.0/24
```

Example for VPN1:
```
ip vrf VPN1
  address-family ipv4
    route-target export 100 192.168.1.1
    route-target import 101 198.51.100.2
  !
  ip nat inside source static vlan 10 192.168.2.0/24
```

Repeat steps for each VPN being configured.

Note: Replace `<vpn-name>` with the actual name of your VPN, `<rt-export-num>`, `<rt-export-ip>`, `<rt-import-num>`, and `<rt-import-ip>` with the actual numbers and IP addresses used in your MPLS VPN configuration. Also, replace `<inside-interface>` and `<outside-interface>` with the actual interfaces on your router that are being translated.",CONNECTIVITY,0.95,The question is mainly about NAT configuration with MPLS VPNs.
What is the configuration required to implement MS-CHAP version 1 for PPP authentication on Cisco ASR 1000 Series Aggregation Services Routers in Cisco IOS XE Release 2.1?,"The correct configuration to implement MS-CHAP version 1 for PPP authentication on Cisco ASR 1000 Series Aggregation Services Routers in Cisco IOS XE Release 2.1 is:

aaa authentication banner
ppp authentication ms-chap version 1

This configuration enables the use of MS-CHAP version 1 for PPP authentication, which is required to support authentication with Microsoft Windows-based systems. The ""aaa authentication banner"" command enables AAA (Authentication, Authorization, and Accounting) services on the router, while the ""ppp authentication ms-chap version 1"" command specifies that MS-CHAP version 1 should be used for PPP authentication.",SECURITY,0.95,MS-CHAP is an authentication protocol
"How can we configure our network to handle multiple TV channels being sent from a single server, each to a separate IP multicast group?","To achieve this configuration, we need to enable IGMPv1 or IGMPv2 membership reports for specific groups on the routers, and introduce SSM mapping to discover sources sending to these groups. Here's an example of how you can configure your Cisco router:

```
Router(config)# ip igmp snooping
Router(config)# ip igmp v2
Router(config)# mlsd 239.1.1.1 255.255.255.224
Router(config)# ssm-map-group G1- G1-S
Router(config)# mlsd 239.2.2.2 255.255.255.224
Router(config)# ssm-map-group G2-G2-S

Note: Replace G1, G2 with the actual multicast group addresses and G1-S, G2-S with the well-known source IP addresses associated with each group.
```

This configuration allows the router to receive IGMPv1 or IGMPv2 membership reports for specific groups (G1 and G2) and translate these into one or more (S, G) channel memberships for the well-known sources (G1-S and G2-S). The router will use SSM mapping to determine one or more source IP addresses for each group and translate the membership report as an IGMPv3 report. This enables the last hop router to discover the TV channels being sent from a single server, each to a separate IP multicast group.

Remember to adjust the multicast group addresses, well-known source IP addresses, and the SSM mapping configuration according to your specific network requirements.",ROUTING,0.95,The question is mainly about handling IP multicast groups for TV channels.
How can you configure MTR (Multicast Tunnel Router) in VRF for BGP/MPLS L3VPNs and multicast sub-address families within a VRF address family?,"To configure MTR in VRF for BGP/MPLS L3VPNs and multicast sub-address families, follow these steps:

Router(config)# enable
Router(config)# terminal

Configure the VRF:
Router(config)# vrf definition VPN_VRF
Router(config-vrf)# rd 100:1
Router(config-vrf)# ipv4 multicast multitopology

Define the address family for IPv4:
Router(config-vrf)# address-family ipv4
Router(config-vrf-af)# exit

Configure the multicast address family:
Router(config-vrf-af)# address-family ipv4 multicast
Router(config-vrf-af-mc)# topology VPN_MCAST_TOP
Router(config-vrf-af-mc)# all-interfaces
Router(config-vrf-af-mc)# exit

Define the forwarding VRF:
Router(config-vrf-af-mc)# vrf forwarding VPN_VRF
Router(config-vrf-af-mc)# 10.1.1.0/24
Router(config-vrf-af-mc)# ip pim sparse-dense-mode

Verify the configuration:
Router# show vrf VPN_VRF

End of the configuration.

Please note that this is a generic example and may need to be adjusted based on your specific network topology and requirements.",ROUTING,0.95,The question is mainly about configuring multicast routing in BGP/MPLS L3VPNs.
What are the severity levels available in Cisco system logging process?,"logging console severity emergency 0
logging console severity alert 1
logging console severity critical 2
logging console severity error 3
logging console severity warning 4
logging console severity informational 6
logging console severity debugging 7

Explanation: In the Cisco IOS, the system logging process provides seven severity levels to help manage and prioritize log messages. These severity levels include:

* Emergency (0): Reserved for use by emergency codes under development.
* Alert (1): Log level used only when system is unusable due to an emergency condition.
* Critical (2): Highest level of severity, indicating a serious problem that requires immediate attention.
* Error (3): Indicates an error or failure has occurred, but the system is still operational.
* Warning (4): Used for warning messages, which indicate a potential problem that may not be critical.
* Informational (6): Used for informational messages, providing context about the system's operation.
* Debugging (7): Lowest level of severity, used for debugging and testing purposes.

By configuring the logging console severity to one of these levels, network administrators can control what types of log messages are displayed on the console or sent to a log file.",MONITORING,0.95,The question is about system logging process.
How does the Max value of the Parent's Schedule Entry affect Bandwidth Sharing in a Cisco IOS configuration?,"The Max value of the Parent's Schedule Entry plays a crucial role in Bandwidth Sharing. It determines the maximum amount of bandwidth that can be allocated to child entries. In a Cisco IOS configuration, when a parent entry has a Max value set, any unused bandwidth is not available to other children. This ensures that each child gets its guaranteed bandwidth and prevents other children from inheriting unused bandwidth.

To illustrate this, let's consider an example:

Router(config)# class-map match-any child-class
Router(config-class)# police 1000000

This sets the maximum bandwidth allocation for the parent entry to 1 Mbps. If a child entry is added with a bandwidth requirement of 500 kbps, and there is unused bandwidth available after allocating 500 kbps to the child, that unused bandwidth will not be available to other children.

Router(config)# policy-map parent-policy
Router(config-pmap)# class child-class
Router(config-pmap-c)# shape average 1000000

In this example, the shape command sets the maximum bandwidth allocation for each child entry to 1 Mbps, which matches the Max value of the Parent's Schedule Entry. This ensures that any unused bandwidth is not available to other children.

By setting the Max value of the Parent's Schedule Entry, you can control the amount of bandwidth allocated to each child and prevent other children from inheriting unused bandwidth. This helps ensure fair sharing of bandwidth resources in your network.",QOS,0.95,Question is about bandwidth sharing which is a key aspect of Quality of Service
What command can you use to specify the name of a class and enter QoS policy-map class configuration mode?,"You can use the following command to specify the name of a class and enter QoS policy-map class configuration mode:
```
class {class-name| class-default}
```
For example:
```
Router(config)# policy-map my-policy
  Router(config-pmap)# class voip-traffic
```
In this example, ""my-policy"" is the name of the policy map, and ""voip-traffic"" is the name of the class.",QOS,0.95,The question is about QoS policy-map class configuration.
What is the operation timeout value set for Ethernet delay operation in configuration entry number 501?,"According to the Device# show ip sla configuration 501 command output, the operation timeout (milliseconds) value is set to 5,000 milliseconds. This can be confirmed using Cisco IOS code as follows:

```
Device(config)# ip sla 501
Device(config-sla)# ethernet delay operation y17-31
Device(config-sla-delay)# timeout 5000
```

In this example, the `timeout` command is used to set the operation timeout value to 5 seconds (or 5,000 milliseconds).",MONITORING,0.95,The question is about a specific configuration entry related to network observability.
How can we enable USB token storage for PKI credentials on our Cisco router?,"To enable USB token storage for PKI credentials on your Cisco router, follow these steps:

1. Ensure you have a Cisco supported USB token (Safenet/Aladdin eToken PRO 32 KB or 64 KB).
2. Check the version of Cisco IOS running on your router. Since it's running on a Cisco 871, 1800 series, 2800 series, 3800 series router or a Cisco 7200VXR NPE-G2 platform, you can confirm that it's running on Cisco IOS Release 12.3(14)T.
3. Configure the USB token using the following command:

`crypto pki token store usb`

This command enables the USB token for storing PKI credentials.

4. Insert your supported USB token into the router and configure the PKI credentials as needed.

**Example:** To configure the PKI credentials, use the following commands:

`crypto pki identity store <username> password <password>`
`crypto pki certificate enroll <username>`

Replace `<username>` and `<password>` with the desired values.

**Verification:**

To verify that the USB token is storing the PKI credentials, use the command:

`show crypto pki token store`

This will display the current state of the USB token storage.",SECURITY,0.95,The question is about enabling PKI credentials on a Cisco router.
What is the command used to configure Match-in-VRF support for NAT in Cisco IOS?,"To configure Match-in-VRF support for NAT, you can use the following command:
```
ip nat inside source static local-ip global-ip [vrf vrf-name]
```
This command configures a static NAT translation from an internal IP address (local-ip) to an external IP address (global-ip), and specifies the VRF name (vrf-name) for the Match-in-VRF support.

For example:
```
ip nat inside source static 192.168.1.100 203.0.113.100 vrf blue
```
This command configures a static NAT translation from the internal IP address 192.168.1.100 to the external IP address 203.0.113.100, and specifies the VRF name ""blue"" for Match-in-VRF support.

Also, you need to configure the VRF forwarding before configuring NAT:
```
ip vrf forwarding blue
```",CONNECTIVITY,0.95,NAT configuration is mainly related to connectivity
"What is the configurable number of simultaneous packets per flow in Cisco IOS, according to the provided configuration?","```
ip cef packet 341
```

Explanation: The ""ip cef packet"" command is used to configure the maximum number of packets that can be processed simultaneously by the Cisco Express Forwarding (CEF) process. In this case, the configurable number of simultaneous packets per flow is set to 341, as specified in the configuration.",GENERAL,0.95,Question is about a specific configuration parameter in Cisco IOS.
How can you configure a secondary IP address on an interface?,"To configure a secondary IP address on an interface, use the command `ip address ip-address mask secondary`. For example: `Router(config)# interface Ethernet0 Router(config-if)# ip address 192.168.1.2 255.255.255.0 secondary`

In this example, `ip address 192.168.1.2 255.255.255.0` sets the primary IP address and mask, while `secondary` specifies that it's a secondary IP address.",CONNECTIVITY,0.95,The question is about IP addressing configuration on an interface.
How can we set the timeout for an IP SLAs operation in milliseconds?,"To set the timeout for an IP SLAs operation in milliseconds, you can use the `timeout` command in the `device(config-ip-sla-jitter)` configuration mode. The syntax is as follows: `timeout [milliseconds]`.

For example:
```
Device(config-ip-sla-jitter)# timeout 1000
```",MONITORING,0.95,The question is about IP SLAs operation configuration.
How can we perform deep-packet inspection into RTP header for classification of RTP packets in Cisco devices?,"To perform deep-packet inspection into RTP header for classification of RTP packets, you can use the RTP Payload Type Classification feature on Cisco devices. This feature allows you to inspect the RTP payload type field in the RTP header and classify RTP packets based on their payload types.

In Cisco IOS code, you can configure this feature using the following command:

```
Router(config)# ip rtp headers-length 12
Router(config)# ip rtp payload-type 96
```

This will allow you to inspect the RTP header and classify RTP packets with a payload type of 96 as a custom application.

Additionally, if you need to identify custom applications using custom protocols, you can extend the capability of NBAR Protocol Discovery by configuring custom protocols. This feature allows you to define custom protocols and assign them to specific IP ports or port ranges.

For example:

```
Router(config)# nbar protocol custom 5000-5100
Router(config)# nbar application custom 5000-5100 ""My Custom Application""
```

This will allow you to identify and classify traffic on the custom protocol range of 5000-5100 as ""My Custom Application"".

Note: The above configuration is based on Cisco IOS code, but actual syntax may vary depending on the specific device and software version.",QOS,0.95,Deep-packet inspection for RTP header classification is related to traffic policies and quality of service.
What is the minimum set of commands needed to enter the global configuration mode in Cisco IOS?,"To enter the global configuration mode in Cisco IOS, you can use the following command:
```
Device> enable
Device# configure terminal
```
Explanation: The `enable` command is used to transition from user mode to privileged mode (also known as enable mode). In this mode, you have access to a wider range of commands and are able to make changes to the device's configuration. The `configure terminal` command then enters the global configuration mode, where you can configure various settings for the device.

Note: As per the requirement, if prompted for a password, please enter your password.",GENERAL,0.95,Question is about entering global configuration mode
What is the minimum number of connections required to form a tunnel between each cluster and the spoke in the given configuration?,"To satisfy the requirement that at least one NHS from each cluster must be connected to the spoke to form a tunnel, we need to make sure that only one connection is made for each cluster. This can be achieved by creating an iBGP peer group for each cluster and configuring a neighbor-ships statement on the spoke router to establish a BGP session with one NHS from each cluster.

Here's an example of how this could be configured using Cisco IOS:

On the spoke router:
```
router bgp 65535
  bgp cluber 1 peer-group
  neighbor 10.1.1.1 remote-as 65533
  neighbor 10.1.1.1 update-source lo0

router bgp 65535
  bgp cluber 3 peer-group
  neighbor 10.2.2.2 remote-as 65534
  neighbor 10.2.2.2 update-source lo0

router bgp 65535
  bgp default peer-group
  neighbor 10.3.3.3 remote-as 65535
  neighbor 10.3.3.3 update-source lo0
```

On the NHS routers:
```
router bgp 65533
  bgp neighbor 10.1.1.2 remote-as 65535
  bgp update-source lo0

router bgp 65534
  bgp neighbor 10.2.2.3 remote-as 65535
  bgp update-source lo0

router bgp 65535
  bgp neighbor 10.3.3.4 remote-as 65535
  bgp update-source lo0
```

In this configuration, the spoke router is configured to form a BGP session with one NHS from each cluster (A1 and A2 for Cluster 1, B1 and B2 for Cluster 3, and NHS 9 for the Default Cluster). The NHS routers are configured to establish a BGP session with the spoke router. This meets the requirement that at least one NHS from each cluster must be connected to the spoke to form a tunnel.",CONNECTIVITY,0.95,The question is about forming tunnels between clusters and a spoke.
How can we enable Multicast VPN (mVPN) using PIM and BGP EVPN on our network device?,"To implement mVPN using PIM and BGP EVPN, you need to perform the following configuration steps:

Step 1: Enable PIM Sparse-Mode on both Loopback10 and Loopback11 interfaces:
```
Router(config)# interface loopback10
Router(config-if)# ip address 77.1.1.1/32
Router(config-if)# pim sparse-mode

Router(config)# interface loopback11
Router(config-if)# ip address 88.1.1.1/32
Router(config-if)# pim sparse-mode
```

Step 2: Configure OSPF:
```
Router(config)# router ospf 10
Router(config-router)# router-id 3.3.3.3
Router(config-router)# network 0.0.0.0 255.255.255.255 area 10
```

Step 3: Enable PIM Bidirectional Mode on POA2 (Second POA):
```
Router(config)# pim bidirectional-mode

Router(config)# poa2
Router(config-poa)# ip multicast-routing distributed
Router(config-poa)# pim rp-address 4.4.4.4 bidirectional
Router(config-poa)# redundancy sso
Router(config-poa)# interchassis-group 1
Router(config-poa)# monitor-peer bfd
Router(config-poa)# member-ip 3.3.3.3
Router(config-poa)# backbone-interface gigabitethernet0/0/1
```

Step 4: Configure Bridge-Domain and VNI:
```
Router(config)# bridge-domain 20
Router(config-bd)# vni 77
Router(config-bd)# port-channel1 service-instance 20

Router(config)# bridge-domain 40
Router(config-bd)# vni 88
Router(config-bd)# port-channel1 service-instance 40
```

Step 5: Enable Multicast Routing on the interface:
```
Router(config)# interface gigabitethernet0/1/0
Router(config-if)# ip address 192.168.20.1/24
Router(config-if)# pim sparse-dense-mode
Router(config-if)# negotiation auto
```

Note that this is a simplified example and actual configuration may vary depending on specific network requirements and topology.",ROUTING,0.95,The question is mainly about configuring multicast routing protocols.
How do you enable overhead accounting for bandwidth on gaming and class-default classes in a child policy map named subscriber_classes?,"To enable overhead accounting for bandwidth on gaming and class-default classes in the child policy map named subscriber_classes, use the following command:
```
policy-map subscriber_classes
  class class-default
    shape average 10000
    police rate 10000
      priority-level high
    atm-traffic-shaping
  class gaming
    shape average 5000
    police rate 5000
      priority-level medium
    atm-traffic-shaping
end-policy-map
```
Note: The above configuration assumes that the policy map is applied to a VLAN interface or a subinterface. If it's applied to a physical interface, the command would be slightly different.

And here's another question:

**Question:** How do you enable ATM overhead accounting implicitly for voip and video classes?

**Answer:**
To enable ATM overhead accounting implicitly for voip and video classes because their parent policy has overhead accounting enabled, use the following command:
```
policy-map subscriber_classes
  class voip
    atm-traffic-shaping
  class video
    atm-traffic-shaping
end-policy-map
```
Note: The above configuration assumes that the policy map is applied to a VLAN interface or a subinterface. If it's applied to a physical interface, the command would be slightly different.

Let me know if you'd like me to generate more questions!",QOS,0.95,The question is about configuring a policy map for traffic management.
How can I add multicast responder IP addresses to the endpoint list in Cisco IOS?,"To add multicast responder IP addresses to the endpoint list, you can use the following command:

```
Device(config-epl)# ip-address <IP address> port <port number>
```

For example:
```
Device(config-epl)# ip-address 239.1.1.1 port 1234
```",ROUTING,0.95,The question is about multicast configuration.
What is the behavior of ICMP redirects when they reach an HSRP device?,"ICMP redirects to active HSRP devices are allowed, but with some restrictions. When an ICMP redirect message reaches an HSRP device, the next-hop IP address is compared to the list of active HSRP devices on that network. If a match is found, then the real next-hop IP address is replaced with a corresponding virtual IP address and the redirect message is allowed to continue.

Here's how you can implement this behavior using Cisco IOS code:
```
Router(config)# ip route-cache cef
Router(config)# interface <interface>
Router(config-if)# standby <group> ip <virtual-ip>
```
In this example, `ip route-cache cef` enables the Cisco Express Forwarding (CEF) route cache, which allows the router to maintain a list of active HSRP devices. The `standby` command configures an HSRP group and specifies the virtual IP address that will be used as the next-hop IP address if the redirect message reaches an active HSRP device.

Note that ICMP redirects to passive HSRP devices are not allowed, so you should ensure that every device in your network that is running HSRP contains at least one active HSRP group on an interface to that network.",ROUTING,0.95,HSRP is a first-hop redundancy protocol related to routing
How can we configure our network to prevent TCP SYN-flood attacks while also limiting half-opened sessions?,"How can we configure our network to prevent TCP SYN-flood attacks while also limiting half-opened sessions?

**Answer:**

To configure your network to handle TCP SYN-flood attacks and limit half-opened sessions, you can use the following commands on a Cisco router running IOS:

```
ip tcp synflood protection 500
ip half-opened-limit 2000
```

In this configuration:

* The `ip tcp synflood protection` command sets the global TCP SYN-flood limit to 500. This means that the router will block any incoming SYN packets exceeding this threshold, helping to prevent SYN-flood attacks.
* The `ip half-opened-limit` command sets the half-opened session limit to 2000. This ensures that a maximum of 2000 incomplete connections (half-opened sessions) can be established before the router starts to drop new connection attempts.

Note: You may need to adjust these values based on your specific network requirements and traffic patterns.",SECURITY,0.95,The question is about preventing network attacks.
How can we configure the Cisco router to send SNMP traps when the round-trip time (RTT) threshold is exceeded?,"To configure the Cisco router to send SNMP traps when the RTT threshold is exceeded, you can use the following commands:

Router(config)# ip sla monitor 1
Router(config-sla-monitor)# type rt-timing
Router(config-sla-monitor)# destination {{ip address | hostname}}
Router(config-sla-monitor)# threshold-rtt 100
Router(config-sla-monitor)# trap-threshold-rtt
Router(config-sla-monitor)# exit

This will create an IP SLA operation that sends SNMP traps when the RTT exceeds 100 milliseconds.

Example Cisco IOS code:
```
ip sla monitor 1
 type rt-timing
 destination 10.1.1.1
 threshold-rtt 100
 trap-threshold-rtt
 exit
```

Note: You can modify the IP address or hostname to match your specific network configuration.",MONITORING,0.95,The question is about configuring SNMP traps for network monitoring.
How do you configure HSRP text authentication?,"```
Router(config)# standby 1 authentication text ""MySecretPassword""
```",SECURITY,0.95,HSRP text authentication is related to security protocols.
How can I update the protocols supported by NBAR2 (Network Based Application Recognition 2) without replacing the base IOS image on a device?,"You can use the Protocol Pack for updating protocols supported by NBAR2, which is a feature-specific software package that can be applied to your existing Cisco device's running configuration without affecting the base IOS image. To do this, you would typically use the following commands:

```
router(nbar version 2)
nbar protocol-pack <pack-name>
```

Replace `<pack-name>` with the name of the desired protocol pack (e.g., ""nbar-protocol-pack-mpeg4"").

For example:

```
router(nbar version 2)
nbar protocol-pack nbar-protocol-pack-mpeg4
```",MONITORING,0.95,NBAR2 is a network traffic analysis and monitoring feature
How does the visible bandwidth of a queue depend on the configuration commands used?,"The visible bandwidth of a queue depends on the commands used in the following combinations:

* If `shape rate` command is used, the visible bandwidth will be limited by the shape rate.
* If only `shape` command is used without specifying a rate, the visible bandwidth will be limited to the maximum possible rate.
* If `bandwidth rate` command is used, the visible bandwidth will be limited to the specified rate.
* If only `bandwidth` command is used without specifying a rate, the visible bandwidth will be limited to the maximum possible rate.
* If both `shape` and `bandwidth` commands are used together, the visible bandwidth will be limited by the minimum of the two.
* If a policy-map is attached to a physical interface or if the policy is a child policy with a parent shaper, the visible bandwidth will be inherited directly from the parent.

Note: The above combinations may vary depending on the specific configuration and requirements.",QOS,0.95,The question is about queue configuration and its impact on bandwidth.
How do you enable SSM mapping for multicast traffic forwarding on a specific interface in Cisco IOS?,"To enable SSM (Source Specific Multicast) mapping for multicast traffic forwarding on a specific interface, use the following commands:

```
Router(config)# interface type number
Router(config-if)# ip igmp static-group group-address source ssm-map

Example:
Router(config)# interface GigabitEthernet0/1
Router(config-if)# ip igmp static-group 224.2.1.1 source ssm-map
```

Note: Replace ""type number"" with the actual interface type and number, and ""group-address"" with the specific multicast group address you want to enable SSM mapping for.",ROUTING,0.95,SSM mapping is related to multicast routing
How do you enable Syslog trap messages and configure the severity of trap messages in Cisco IOS?,"To enable Syslog trap messages and configure the severity of trap messages in Cisco IOS, you can use the following commands:

```
Router# snmp-server enable traps syslog
Router(config)# logging snmp-trap 0 7
```

The `snmp-server enable traps syslog` command enables Syslog traps. The `logging snmp-trap` command specifies the trap level, where the value of `0 7` sets the severity to critical and major. You can also specify individual trap levels such as emergencies, alert, etc.

To enable traps up to informational level, you can use the following command:

```
Router(config)# logging history informational
```

This will enable the Syslog history feature and capture all traps at an informational level or higher.",MONITORING,0.95,The question is about configuring Syslog trap messages.
How do you enable First Hop Redundancy (FHRP) protocols on a Cisco router running Cisco IOS XE Fuji 16.11.x?,"To enable FHRP protocols on a Cisco router running Cisco IOS XE Fuji 16.11.x, follow these steps:

1. Enable the router with the command:
```
enable
```
2. Access the configuration terminal mode with the command:
```
configure terminal
```
3. Configure the interface for which you want to enable FHRP protocols using the command:
```
interface type number
```
For example, to configure FHRP on a GigabitEthernet0/0 interface:
```
interface gigabitethernet 0/0
```
Note: You can also specify the specific FHRP protocol (e.g. HSRP, VRRP) if needed.",ROUTING,0.95,"The question is about enabling FHRP protocols like HSRP, VRRP, or GLBP."
